PM 1.0, PM 2.5, PM4.0, PM10.0, Temperature, Humiditiy, VOC, NOx, CO2
3.6000,4.2000,4.6000,4.8000,42.2200,28.0750,0.0000,0.0000,1309.0000,7/17/2025 15:56:29 ,DONE 
3.5000,4.1000,4.5000,4.7000,42.2200,28.0600,0.0000,0.0000,1324.0000,7/17/2025 15:56:33 ,DONE 
3.4000,4.0000,4.3000,4.5000,42.2100,28.0400,0.0000,0.0000,1345.0000,7/17/2025 15:56:36 ,DONE 
3.4000,4.0000,4.3000,4.5000,42.2100,27.9700,0.0000,0.0000,1349.0000,7/17/2025 15:56:40 ,DONE 
3.4000,4.0000,4.3000,4.5000,42.2200,27.8700,0.0000,0.0000,1335.0000,7/17/2025 15:56:43 ,DONE 
3.4000,4.0000,4.3000,4.5000,42.2700,27.6600,0.0000,0.0000,1339.0000,7/17/2025 15:56:47 ,DONE 
3.4000,4.0000,4.3000,4.5000,42.4300,27.4700,0.0000,0.0000,1333.0000,7/17/2025 15:56:50 ,DONE 
3.4000,4.0000,4.3000,4.5000,42.9000,27.2350,0.0000,0.0000,1333.0000,7/17/2025 15:56:54 ,DONE 
3.4000,4.0000,4.3000,4.5000,43.4300,27.0200,0.0000,0.0000,1337.0000,7/17/2025 15:56:57 ,DONE 
3.3000,3.9000,4.2000,4.4000,45.5400,26.4100,37.0000,1.0000,1339.0000,7/17/2025 15:57:19 ,DONE 
3.3000,3.9000,4.2000,4.4000,45.7600,26.3600,47.0000,1.0000,1341.0000,7/17/2025 15:57:22 ,DONE 
3.2000,3.7000,4.1000,4.2000,45.9000,26.3450,52.0000,1.0000,1343.0000,7/17/2025 15:57:26 ,DONE 
3.2000,3.8000,4.1000,4.2000,46.0400,26.3350,59.0000,1.0000,1343.0000,7/17/2025 15:57:29 ,DONE 
3.2000,3.8000,4.1000,4.2000,46.1200,26.3300,63.0000,1.0000,1344.0000,7/17/2025 15:57:33 ,DONE 
3.2000,3.8000,4.1000,4.2000,46.2100,26.3250,67.0000,1.0000,1343.0000,7/17/2025 15:57:36 ,DONE 
3.1000,3.6000,3.9000,4.1000,46.2600,26.3250,70.0000,1.0000,1343.0000,7/17/2025 15:57:40 ,DONE 
3.1000,3.6000,3.9000,4.1000,46.3200,26.3300,74.0000,1.0000,1343.0000,7/17/2025 15:57:44 ,DONE 
3.1000,3.6000,3.9000,4.1000,46.3800,26.3300,76.0000,1.0000,1343.0000,7/17/2025 15:57:47 ,DONE 
3.0000,3.5000,3.8000,3.9000,46.4400,26.3400,79.0000,1.0000,1343.0000,7/17/2025 15:57:51 ,DONE 
3.0000,3.5000,3.8000,3.9000,46.4500,26.3450,81.0000,1.0000,1343.0000,7/17/2025 15:57:54 ,DONE 
3.0000,3.5000,3.8000,3.9000,46.4500,26.3400,83.0000,1.0000,1342.0000,7/17/2025 15:57:58 ,DONE 
3.3000,3.8000,4.1000,4.2000,46.3000,26.3850,90.0000,1.0000,1345.0000,7/17/2025 15:58:19 ,DONE 
3.3000,3.8000,4.1000,4.2000,46.3000,26.3800,91.0000,1.0000,1345.0000,7/17/2025 15:58:23 ,DONE 
3.3000,3.8000,4.1000,4.2000,46.3100,26.3800,92.0000,1.0000,1344.0000,7/17/2025 15:58:26 ,DONE 
3.4000,3.9000,4.2000,4.4000,46.3100,26.3850,92.0000,1.0000,1343.0000,7/17/2025 15:58:30 ,DONE 
3.4000,3.9000,4.2000,4.4000,46.3000,26.3900,93.0000,1.0000,1343.0000,7/17/2025 15:58:33 ,DONE 
3.4000,3.9000,4.2000,4.4000,46.3000,26.3850,93.0000,1.0000,1344.0000,7/17/2025 15:58:37 ,DONE 
3.4000,3.9000,4.2000,4.4000,46.2900,26.3850,94.0000,1.0000,1345.0000,7/17/2025 15:58:40 ,DONE 
3.4000,3.9000,4.2000,4.4000,46.3000,26.3900,94.0000,1.0000,1347.0000,7/17/2025 15:58:44 ,DONE 
3.3000,3.8000,4.1000,4.2000,46.3300,26.3950,95.0000,1.0000,1347.0000,7/17/2025 15:58:47 ,DONE 
3.3000,3.8000,4.1000,4.2000,46.4900,26.3950,97.0000,1.0000,1346.0000,7/17/2025 15:58:51 ,DONE 
3.3000,3.8000,4.1000,4.2000,46.5900,26.3950,100.0000,1.0000,1347.0000,7/17/2025 15:58:54 ,DONE 
3.3000,3.8000,4.1000,4.2000,46.5700,26.4100,100.0000,1.0000,1349.0000,7/17/2025 15:58:58 ,DONE 
3.1000,3.6000,3.9000,4.1000,46.2100,26.4550,97.0000,1.0000,1361.0000,7/17/2025 15:59:19 ,DONE 
3.1000,3.6000,3.9000,4.1000,46.1400,26.4500,96.0000,1.0000,1361.0000,7/17/2025 15:59:23 ,DONE 
3.1000,3.6000,3.9000,4.1000,46.1100,26.4500,96.0000,1.0000,1363.0000,7/17/2025 15:59:26 ,DONE 
3.0000,3.5000,3.8000,3.9000,46.0800,26.4500,95.0000,1.0000,1363.0000,7/17/2025 15:59:30 ,DONE 
3.0000,3.5000,3.8000,3.9000,46.0700,26.4500,95.0000,1.0000,1364.0000,7/17/2025 15:59:33 ,DONE 
3.0000,3.5000,3.8000,3.9000,46.0600,26.4450,95.0000,1.0000,1365.0000,7/17/2025 15:59:37 ,DONE 
3.0000,3.5000,3.8000,3.9000,46.0500,26.4400,95.0000,1.0000,1365.0000,7/17/2025 15:59:40 ,DONE 
3.0000,3.5000,3.8000,3.9000,46.0400,26.4300,95.0000,1.0000,1364.0000,7/17/2025 15:59:44 ,DONE 
3.0000,3.5000,3.8000,3.9000,46.0400,26.4200,95.0000,1.0000,1364.0000,7/17/2025 15:59:47 ,DONE 
3.4000,3.9000,4.2000,4.4000,46.0700,26.4000,95.0000,1.0000,1366.0000,7/17/2025 15:59:51 ,DONE 
3.4000,3.9000,4.2000,4.4000,46.0800,26.3900,95.0000,1.0000,1366.0000,7/17/2025 15:59:54 ,DONE 
3.6000,4.1000,4.5000,4.7000,46.0700,26.3800,96.0000,1.0000,1366.0000,7/17/2025 15:59:58 ,DONE 
3.5000,4.1000,4.5000,4.7000,46.1200,26.3100,96.0000,1.0000,1367.0000,7/17/2025 16:0:20 ,DONE 
3.5000,4.1000,4.5000,4.7000,46.1500,26.2950,96.0000,1.0000,1366.0000,7/17/2025 16:0:23 ,DONE 
3.4000,4.0000,4.3000,4.5000,46.2000,26.2800,96.0000,1.0000,1366.0000,7/17/2025 16:0:27 ,DONE 
3.4000,4.0000,4.3000,4.5000,46.2600,26.2700,96.0000,1.0000,1367.0000,7/17/2025 16:0:30 ,DONE 
3.3000,3.9000,4.2000,4.4000,46.3200,26.2600,96.0000,1.0000,1367.0000,7/17/2025 16:0:34 ,DONE 
3.3000,3.9000,4.2000,4.4000,46.3500,26.2500,97.0000,1.0000,1367.0000,7/17/2025 16:0:37 ,DONE 
3.3000,3.9000,4.2000,4.4000,46.4000,26.2450,96.0000,1.0000,1367.0000,7/17/2025 16:0:41 ,DONE 
3.3000,3.9000,4.2000,4.4000,46.4400,26.2450,97.0000,1.0000,1369.0000,7/17/2025 16:0:44 ,DONE 
3.4000,4.0000,4.3000,4.5000,46.5000,26.2500,97.0000,1.0000,1369.0000,7/17/2025 16:0:48 ,DONE 
3.4000,4.0000,4.3000,4.5000,46.5400,26.2550,97.0000,1.0000,1370.0000,7/17/2025 16:0:51 ,DONE 
3.4000,4.0000,4.3000,4.5000,46.5600,26.2600,97.0000,1.0000,1371.0000,7/17/2025 16:0:55 ,DONE 
3.4000,4.0000,4.3000,4.5000,46.5800,26.2650,97.0000,1.0000,1372.0000,7/17/2025 16:0:58 ,DONE 
3.5000,4.1000,4.5000,4.6000,46.5800,26.3100,98.0000,1.0000,1371.0000,7/17/2025 16:1:20 ,DONE 
3.8000,4.5000,4.9000,5.1000,46.5400,26.3150,98.0000,1.0000,1372.0000,7/17/2025 16:1:23 ,DONE 
4.1000,4.8000,5.2000,5.4000,46.5300,26.3150,99.0000,1.0000,1374.0000,7/17/2025 16:1:27 ,DONE 
4.3000,5.0000,5.5000,5.7000,46.5000,26.3200,99.0000,1.0000,1373.0000,7/17/2025 16:1:30 ,DONE 
4.4000,5.1000,5.6000,5.8000,46.4800,26.3250,99.0000,1.0000,1372.0000,7/17/2025 16:1:34 ,DONE 
4.4000,5.1000,5.6000,5.8000,46.4600,26.3300,99.0000,1.0000,1372.0000,7/17/2025 16:1:37 ,DONE 
4.3000,5.0000,5.5000,5.7000,46.4500,26.3300,98.0000,1.0000,1372.0000,7/17/2025 16:1:41 ,DONE 
4.3000,5.0000,5.5000,5.7000,46.4300,26.3350,98.0000,1.0000,1370.0000,7/17/2025 16:1:44 ,DONE 
4.3000,5.0000,5.5000,5.7000,46.4200,26.3350,98.0000,1.0000,1369.0000,7/17/2025 16:1:48 ,DONE 
4.3000,5.0000,5.5000,5.7000,46.4100,26.3350,98.0000,1.0000,1370.0000,7/17/2025 16:1:51 ,DONE 
4.3000,5.0000,5.5000,5.7000,46.4100,26.3400,98.0000,1.0000,1369.0000,7/17/2025 16:1:55 ,DONE 
4.2000,4.9000,5.3000,5.5000,46.4000,26.3400,98.0000,1.0000,1368.0000,7/17/2025 16:1:58 ,DONE 
4.1000,4.8000,5.2000,5.4000,46.3900,26.3400,98.0000,1.0000,1368.0000,7/17/2025 16:2:6 ,DONE 
4.1000,4.8000,5.2000,5.4000,46.3900,26.3350,98.0000,1.0000,1368.0000,7/17/2025 16:2:9 ,DONE 
3.8000,4.5000,4.9000,5.1000,46.3800,26.3300,98.0000,1.0000,1369.0000,7/17/2025 16:2:13 ,DONE 
3.7000,4.4000,4.8000,4.9000,46.3800,26.3350,99.0000,1.0000,1369.0000,7/17/2025 16:2:16 ,DONE 
3.6000,4.2000,4.6000,4.8000,46.3700,26.3350,99.0000,1.0000,1370.0000,7/17/2025 16:2:20 ,DONE 
3.7000,4.4000,4.8000,4.9000,46.3700,26.3350,99.0000,1.0000,1370.0000,7/17/2025 16:2:23 ,DONE 
3.7000,4.4000,4.8000,4.9000,46.3600,26.3350,99.0000,1.0000,1371.0000,7/17/2025 16:2:27 ,DONE 
3.6000,4.2000,4.6000,4.8000,46.3600,26.3350,99.0000,1.0000,1372.0000,7/17/2025 16:2:30 ,DONE 
3.4000,4.0000,4.3000,4.5000,46.3600,26.3350,99.0000,1.0000,1373.0000,7/17/2025 16:2:34 ,DONE 
3.4000,4.0000,4.3000,4.5000,46.3600,26.3350,99.0000,1.0000,1372.0000,7/17/2025 16:2:38 ,DONE 
3.4000,4.0000,4.3000,4.5000,46.3500,26.3350,99.0000,1.0000,1371.0000,7/17/2025 16:2:41 ,DONE 
3.3000,3.8000,4.2000,4.4000,46.3500,26.3400,99.0000,1.0000,1371.0000,7/17/2025 16:2:45 ,DONE 
3.3000,3.8000,4.2000,4.4000,46.3400,26.3400,99.0000,1.0000,1371.0000,7/17/2025 16:2:48 ,DONE 
3.2000,3.7000,4.1000,4.2000,46.3400,26.3450,99.0000,1.0000,1371.0000,7/17/2025 16:2:52 ,DONE 
3.2000,3.7000,4.1000,4.2000,46.3400,26.3450,99.0000,1.0000,1371.0000,7/17/2025 16:2:55 ,DONE 
3.2000,3.7000,4.1000,4.2000,46.3300,26.3500,99.0000,1.0000,1371.0000,7/17/2025 16:2:59 ,DONE 
3.2000,3.7000,4.1000,4.2000,46.3100,26.3450,99.0000,1.0000,1373.0000,7/17/2025 16:3:20 ,DONE 
3.2000,3.7000,4.1000,4.2000,46.3000,26.3400,99.0000,1.0000,1373.0000,7/17/2025 16:3:24 ,DONE 
3.2000,3.7000,4.1000,4.2000,46.3000,26.3400,99.0000,1.0000,1373.0000,7/17/2025 16:3:27 ,DONE 
3.2000,3.7000,4.1000,4.2000,46.3000,26.3300,99.0000,1.0000,1375.0000,7/17/2025 16:3:31 ,DONE 
3.2000,3.7000,4.1000,4.2000,46.3000,26.3300,99.0000,1.0000,1376.0000,7/17/2025 16:3:34 ,DONE 
3.2000,3.7000,4.1000,4.2000,46.3100,26.3250,99.0000,1.0000,1378.0000,7/17/2025 16:3:38 ,DONE 
3.2000,3.7000,4.1000,4.2000,46.3200,26.3250,99.0000,1.0000,1380.0000,7/17/2025 16:3:41 ,DONE 
3.2000,3.7000,4.1000,4.2000,46.3300,26.3250,99.0000,1.0000,1380.0000,7/17/2025 16:3:45 ,DONE 
3.2000,3.7000,4.1000,4.2000,46.3400,26.3300,99.0000,1.0000,1380.0000,7/17/2025 16:3:48 ,DONE 
3.2000,3.7000,4.1000,4.2000,46.3600,26.3300,99.0000,1.0000,1381.0000,7/17/2025 16:3:52 ,DONE 
3.3000,3.8000,4.2000,4.4000,46.3700,26.3250,100.0000,1.0000,1382.0000,7/17/2025 16:3:55 ,DONE 
3.3000,3.8000,4.2000,4.4000,46.3800,26.3300,100.0000,1.0000,1383.0000,7/17/2025 16:3:59 ,DONE 
3.3000,3.8000,4.2000,4.4000,46.4000,26.3400,99.0000,1.0000,1386.0000,7/17/2025 16:4:11 ,DONE 
3.3000,3.8000,4.2000,4.4000,46.3900,26.3400,99.0000,1.0000,1386.0000,7/17/2025 16:4:15 ,DONE 
3.3000,3.8000,4.2000,4.4000,46.3900,26.3450,99.0000,1.0000,1386.0000,7/17/2025 16:4:18 ,DONE 
3.3000,3.8000,4.2000,4.4000,46.3900,26.3400,99.0000,1.0000,1386.0000,7/17/2025 16:4:22 ,DONE 
3.3000,3.8000,4.2000,4.4000,46.4000,26.3400,99.0000,1.0000,1387.0000,7/17/2025 16:4:25 ,DONE 
3.3000,3.8000,4.2000,4.4000,46.4000,26.3450,99.0000,1.0000,1388.0000,7/17/2025 16:4:29 ,DONE 
3.3000,3.8000,4.2000,4.4000,46.4100,26.3450,100.0000,1.0000,1388.0000,7/17/2025 16:4:32 ,DONE 
3.2000,3.7000,4.1000,4.2000,46.4200,26.3450,100.0000,1.0000,1388.0000,7/17/2025 16:4:36 ,DONE 
3.2000,3.7000,4.1000,4.2000,46.4200,26.3450,100.0000,1.0000,1388.0000,7/17/2025 16:4:39 ,DONE 
3.2000,3.7000,4.1000,4.2000,46.4200,26.3450,99.0000,1.0000,1389.0000,7/17/2025 16:4:43 ,DONE 
3.2000,3.7000,4.1000,4.2000,46.4300,26.3450,99.0000,1.0000,1391.0000,7/17/2025 16:4:46 ,DONE 
3.2000,3.7000,4.1000,4.2000,46.4400,26.3450,99.0000,1.0000,1392.0000,7/17/2025 16:4:50 ,DONE 
3.3000,3.8000,4.2000,4.4000,46.4500,26.3450,99.0000,1.0000,1394.0000,7/17/2025 16:4:53 ,DONE 
3.3000,3.8000,4.2000,4.4000,46.4600,26.3450,99.0000,1.0000,1394.0000,7/17/2025 16:4:57 ,DONE 
3.3000,3.8000,4.2000,4.4000,46.5600,26.3500,99.0000,1.0000,1399.0000,7/17/2025 16:5:5 ,DONE 
3.3000,3.8000,4.2000,4.4000,46.5900,26.3500,100.0000,1.0000,1401.0000,7/17/2025 16:5:9 ,DONE 
3.3000,3.8000,4.2000,4.4000,46.6000,26.3500,101.0000,1.0000,1400.0000,7/17/2025 16:5:12 ,DONE 
3.3000,3.8000,4.2000,4.4000,46.6000,26.3550,101.0000,1.0000,1400.0000,7/17/2025 16:5:16 ,DONE 
3.3000,3.8000,4.2000,4.4000,46.6000,26.3550,101.0000,1.0000,1400.0000,7/17/2025 16:5:19 ,DONE 
3.4000,4.0000,4.3000,4.5000,46.6300,26.3600,101.0000,1.0000,1400.0000,7/17/2025 16:5:23 ,DONE 
3.4000,4.0000,4.3000,4.5000,46.6500,26.3650,101.0000,1.0000,1401.0000,7/17/2025 16:5:27 ,DONE 
3.4000,4.0000,4.3000,4.5000,46.6800,26.3800,101.0000,1.0000,1402.0000,7/17/2025 16:5:30 ,DONE 
3.4000,4.0000,4.3000,4.5000,46.7000,26.3900,102.0000,1.0000,1403.0000,7/17/2025 16:5:34 ,DONE 
3.4000,4.0000,4.3000,4.5000,46.7100,26.3950,102.0000,1.0000,1405.0000,7/17/2025 16:5:37 ,DONE 
3.4000,4.0000,4.3000,4.5000,46.7200,26.4050,102.0000,1.0000,1404.0000,7/17/2025 16:5:41 ,DONE 
3.4000,4.0000,4.3000,4.5000,46.7400,26.4200,102.0000,1.0000,1404.0000,7/17/2025 16:5:44 ,DONE 
3.4000,4.0000,4.3000,4.5000,46.8300,26.4300,102.0000,1.0000,1404.0000,7/17/2025 16:5:48 ,DONE 
3.3000,3.8000,4.2000,4.3000,46.9400,26.4450,102.0000,1.0000,1404.0000,7/17/2025 16:5:51 ,DONE 
3.4000,4.0000,4.3000,4.5000,46.9600,26.4550,103.0000,1.0000,1405.0000,7/17/2025 16:5:55 ,DONE 
3.4000,4.0000,4.3000,4.5000,46.9300,26.4850,102.0000,1.0000,1406.0000,7/17/2025 16:5:58 ,DONE 
3.4000,3.9000,4.3000,4.5000,46.8700,26.5300,101.0000,1.0000,1408.0000,7/17/2025 16:6:6 ,DONE 
3.4000,3.9000,4.3000,4.5000,46.8300,26.5400,101.0000,1.0000,1409.0000,7/17/2025 16:6:9 ,DONE 
3.4000,3.9000,4.3000,4.5000,46.8100,26.5550,100.0000,1.0000,1410.0000,7/17/2025 16:6:13 ,DONE 
3.3000,3.9000,4.3000,4.5000,46.7700,26.5800,99.0000,1.0000,1411.0000,7/17/2025 16:6:16 ,DONE 
3.3000,3.9000,4.3000,4.5000,46.7300,26.6050,99.0000,1.0000,1409.0000,7/17/2025 16:6:20 ,DONE 
3.3000,3.9000,4.3000,4.5000,46.7200,26.6200,98.0000,1.0000,1408.0000,7/17/2025 16:6:23 ,DONE 
3.3000,3.9000,4.3000,4.5000,46.6900,26.6250,99.0000,1.0000,1408.0000,7/17/2025 16:6:27 ,DONE 
3.3000,3.9000,4.3000,4.5000,46.6600,26.6300,99.0000,1.0000,1410.0000,7/17/2025 16:6:30 ,DONE 
3.4000,4.1000,4.4000,4.6000,46.6700,26.6350,99.0000,1.0000,1410.0000,7/17/2025 16:6:34 ,DONE 
3.4000,4.1000,4.4000,4.6000,46.7800,26.6350,100.0000,1.0000,1412.0000,7/17/2025 16:6:37 ,DONE 
3.5000,4.2000,4.6000,4.8000,48.3800,26.6450,105.0000,1.0000,1414.0000,7/17/2025 16:6:41 ,DONE 
3.5000,4.2000,4.6000,4.8000,49.6700,26.6550,112.0000,1.0000,1415.0000,7/17/2025 16:6:44 ,DONE 
3.6000,4.3000,4.7000,4.9000,50.1200,26.6650,117.0000,1.0000,1416.0000,7/17/2025 16:6:48 ,DONE 
3.7000,4.4000,4.9000,5.1000,50.4800,26.7200,120.0000,1.0000,1417.0000,7/17/2025 16:6:51 ,DONE 
3.9000,4.6000,5.0000,5.2000,50.0100,26.7850,122.0000,1.0000,1418.0000,7/17/2025 16:6:55 ,DONE 
4.0000,4.7000,5.1000,5.4000,49.5700,26.8500,119.0000,1.0000,1419.0000,7/17/2025 16:6:58 ,DONE 
4.0000,4.8000,5.3000,5.5000,46.1100,27.2950,99.0000,1.0000,1435.0000,7/17/2025 16:7:21 ,DONE 
4.0000,4.8000,5.3000,5.5000,45.8100,27.3150,98.0000,1.0000,1437.0000,7/17/2025 16:7:24 ,DONE 
3.9000,4.7000,5.1000,5.4000,45.6800,27.3350,98.0000,1.0000,1457.0000,7/17/2025 16:7:28 ,DONE 
3.9000,4.6000,5.1000,5.4000,45.8500,27.3600,97.0000,1.0000,1467.0000,7/17/2025 16:7:31 ,DONE 
3.8000,4.5000,5.0000,5.2000,46.4400,27.3750,97.0000,1.0000,1472.0000,7/17/2025 16:7:35 ,DONE 
3.8000,4.5000,5.0000,5.2000,46.5600,27.4200,99.0000,1.0000,1482.0000,7/17/2025 16:7:38 ,DONE 
3.8000,4.5000,5.0000,5.2000,46.5700,27.4700,100.0000,1.0000,1494.0000,7/17/2025 16:7:42 ,DONE 
3.9000,4.6000,5.1000,5.3000,46.5300,27.5400,100.0000,1.0000,1500.0000,7/17/2025 16:7:45 ,DONE 
3.9000,4.6000,5.1000,5.3000,46.3300,27.5950,99.0000,1.0000,1502.0000,7/17/2025 16:7:49 ,DONE 
3.9000,4.6000,5.1000,5.3000,45.8700,27.6400,98.0000,1.0000,1504.0000,7/17/2025 16:7:52 ,DONE 
3.9000,4.6000,5.1000,5.3000,45.5300,27.6600,98.0000,1.0000,1504.0000,7/17/2025 16:7:56 ,DONE 
3.8000,4.5000,5.0000,5.2000,45.7100,27.7050,98.0000,1.0000,1506.0000,7/17/2025 16:7:59 ,DONE 
3.2000,3.9000,4.3000,4.5000,44.5300,27.8450,97.0000,1.0000,1519.0000,7/17/2025 16:8:21 ,DONE 
3.1000,3.7000,4.1000,4.3000,44.5900,27.8400,97.0000,1.0000,1520.0000,7/17/2025 16:8:24 ,DONE 
3.1000,3.7000,4.1000,4.3000,44.5700,27.8400,97.0000,1.0000,1520.0000,7/17/2025 16:8:28 ,DONE 
3.1000,3.7000,4.1000,4.3000,44.7800,27.8250,96.0000,1.0000,1521.0000,7/17/2025 16:8:31 ,DONE 
3.0000,3.6000,4.0000,4.2000,44.9600,27.8100,96.0000,1.0000,1523.0000,7/17/2025 16:8:35 ,DONE 
3.0000,3.6000,4.0000,4.2000,45.3600,27.8050,97.0000,1.0000,1523.0000,7/17/2025 16:8:38 ,DONE 
3.0000,3.6000,4.0000,4.2000,45.5500,27.8100,97.0000,1.0000,1523.0000,7/17/2025 16:8:42 ,DONE 
2.9000,3.5000,3.8000,4.0000,45.6000,27.8250,98.0000,1.0000,1525.0000,7/17/2025 16:8:46 ,DONE 
2.9000,3.5000,3.8000,4.0000,45.4700,27.8350,99.0000,1.0000,1524.0000,7/17/2025 16:8:49 ,DONE 
2.9000,3.5000,3.8000,4.0000,45.2400,27.8350,99.0000,1.0000,1525.0000,7/17/2025 16:8:53 ,DONE 
2.8000,3.3000,3.7000,3.9000,44.8800,27.8450,99.0000,1.0000,1527.0000,7/17/2025 16:8:56 ,DONE 
2.7000,3.3000,3.7000,3.9000,44.2000,27.8650,98.0000,1.0000,1526.0000,7/17/2025 16:9:18 ,DONE 
2.7000,3.3000,3.7000,3.9000,45.0200,27.8700,100.0000,1.0000,1526.0000,7/17/2025 16:9:21 ,DONE 
2.7000,3.3000,3.7000,3.9000,45.1900,27.8750,101.0000,1.0000,1526.0000,7/17/2025 16:9:25 ,DONE 
2.7000,3.3000,3.7000,3.9000,45.2800,27.8750,103.0000,1.0000,1525.0000,7/17/2025 16:9:28 ,DONE 
2.7000,3.3000,3.7000,3.9000,45.3000,27.8650,103.0000,1.0000,1524.0000,7/17/2025 16:9:32 ,DONE 
2.7000,3.3000,3.7000,3.9000,45.2400,27.8550,103.0000,1.0000,1523.0000,7/17/2025 16:9:35 ,DONE 
2.7000,3.3000,3.7000,3.9000,45.1800,27.8550,102.0000,1.0000,1525.0000,7/17/2025 16:9:39 ,DONE 
2.7000,3.3000,3.7000,3.9000,45.0300,27.8450,101.0000,1.0000,1525.0000,7/17/2025 16:9:42 ,DONE 
2.8000,3.4000,3.8000,4.0000,45.0400,27.8450,101.0000,1.0000,1525.0000,7/17/2025 16:9:46 ,DONE 
2.8000,3.4000,3.8000,4.0000,44.8700,27.8450,101.0000,1.0000,1526.0000,7/17/2025 16:9:49 ,DONE 
2.7000,3.3000,3.7000,3.9000,44.6200,27.8450,101.0000,1.0000,1526.0000,7/17/2025 16:9:53 ,DONE 
2.7000,3.3000,3.7000,3.9000,44.3100,27.8450,101.0000,1.0000,1526.0000,7/17/2025 16:9:56 ,DONE 
2.7000,3.3000,3.7000,3.9000,43.7200,27.8500,99.0000,1.0000,1527.0000,7/17/2025 16:10:7 ,DONE 
2.6000,3.2000,3.5000,3.7000,43.6200,27.8400,98.0000,1.0000,1526.0000,7/17/2025 16:10:11 ,DONE 
2.6000,3.2000,3.5000,3.7000,43.5300,27.8250,97.0000,1.0000,1526.0000,7/17/2025 16:10:14 ,DONE 
2.7000,3.3000,3.7000,3.9000,43.5000,27.8200,97.0000,1.0000,1526.0000,7/17/2025 16:10:18 ,DONE 
2.7000,3.3000,3.7000,3.9000,43.5000,27.8050,97.0000,1.0000,1526.0000,7/17/2025 16:10:21 ,DONE 
2.7000,3.3000,3.7000,3.9000,43.5100,27.8000,97.0000,1.0000,1526.0000,7/17/2025 16:10:25 ,DONE 
2.7000,3.3000,3.7000,3.9000,43.5200,27.7950,97.0000,1.0000,1526.0000,7/17/2025 16:10:28 ,DONE 
2.7000,3.3000,3.7000,3.9000,43.5300,27.7900,97.0000,1.0000,1526.0000,7/17/2025 16:10:32 ,DONE 
2.7000,3.3000,3.7000,3.9000,43.5300,27.7850,97.0000,1.0000,1525.0000,7/17/2025 16:10:35 ,DONE 
2.7000,3.3000,3.7000,3.9000,43.5200,27.7800,97.0000,1.0000,1525.0000,7/17/2025 16:10:39 ,DONE 
2.7000,3.3000,3.7000,3.9000,43.5100,27.7750,97.0000,1.0000,1525.0000,7/17/2025 16:10:42 ,DONE 
2.7000,3.3000,3.7000,3.9000,43.5100,27.7700,97.0000,1.0000,1525.0000,7/17/2025 16:10:46 ,DONE 
2.7000,3.3000,3.7000,3.9000,43.4700,27.7650,97.0000,1.0000,1523.0000,7/17/2025 16:10:49 ,DONE 
2.7000,3.3000,3.7000,3.9000,43.4700,27.7600,97.0000,1.0000,1522.0000,7/17/2025 16:10:53 ,DONE 
2.7000,3.3000,3.7000,3.9000,43.4800,27.7600,97.0000,1.0000,1522.0000,7/17/2025 16:10:56 ,DONE 
2.6000,3.2000,3.5000,3.7000,43.6100,27.7300,98.0000,1.0000,1519.0000,7/17/2025 16:11:13 ,DONE 
2.6000,3.2000,3.5000,3.7000,43.6400,27.7250,98.0000,1.0000,1518.0000,7/17/2025 16:11:17 ,DONE 
2.6000,3.2000,3.5000,3.7000,43.6900,27.7250,98.0000,1.0000,1517.0000,7/17/2025 16:11:20 ,DONE 
2.6000,3.2000,3.5000,3.7000,43.7200,27.7200,98.0000,1.0000,1516.0000,7/17/2025 16:11:24 ,DONE 
2.7000,3.3000,3.7000,3.9000,43.7600,27.7150,99.0000,1.0000,1514.0000,7/17/2025 16:11:27 ,DONE 
2.7000,3.3000,3.7000,3.9000,43.7800,27.7150,99.0000,1.0000,1512.0000,7/17/2025 16:11:31 ,DONE 
2.7000,3.3000,3.7000,3.9000,43.8100,27.7100,99.0000,1.0000,1509.0000,7/17/2025 16:11:34 ,DONE 
2.7000,3.3000,3.7000,3.9000,43.8300,27.7050,99.0000,1.0000,1509.0000,7/17/2025 16:11:38 ,DONE 
2.7000,3.3000,3.7000,3.9000,43.8500,27.7000,99.0000,1.0000,1508.0000,7/17/2025 16:11:42 ,DONE 
2.7000,3.3000,3.7000,3.9000,43.8500,27.6950,99.0000,1.0000,1507.0000,7/17/2025 16:11:45 ,DONE 
2.7000,3.3000,3.7000,3.9000,43.8300,27.6950,100.0000,1.0000,1507.0000,7/17/2025 16:11:49 ,DONE 
2.7000,3.3000,3.7000,3.9000,43.8200,27.6950,100.0000,1.0000,1507.0000,7/17/2025 16:11:52 ,DONE 
2.7000,3.3000,3.7000,3.9000,43.8100,27.6900,100.0000,1.0000,1507.0000,7/17/2025 16:11:56 ,DONE 
2.7000,3.3000,3.7000,3.9000,43.8300,27.6900,100.0000,1.0000,1506.0000,7/17/2025 16:11:59 ,DONE 
2.9000,3.6000,4.0000,4.2000,43.8800,27.6600,100.0000,1.0000,1509.0000,7/17/2025 16:12:21 ,DONE 
3.0000,3.7000,4.1000,4.3000,43.8900,27.6550,100.0000,1.0000,1508.0000,7/17/2025 16:12:25 ,DONE 
3.0000,3.7000,4.1000,4.3000,43.9100,27.6500,100.0000,1.0000,1508.0000,7/17/2025 16:12:28 ,DONE 
3.4000,4.1000,4.5000,4.7000,43.9300,27.6500,100.0000,1.0000,1507.0000,7/17/2025 16:12:32 ,DONE 
3.6000,4.3000,4.8000,5.0000,43.9400,27.6450,100.0000,1.0000,1506.0000,7/17/2025 16:12:35 ,DONE 
3.8000,4.6000,5.1000,5.3000,43.9500,27.6450,100.0000,1.0000,1506.0000,7/17/2025 16:12:39 ,DONE 
3.9000,4.7000,5.2000,5.5000,43.9600,27.6400,100.0000,1.0000,1507.0000,7/17/2025 16:12:42 ,DONE 
4.0000,4.8000,5.3000,5.6000,43.9700,27.6400,100.0000,1.0000,1506.0000,7/17/2025 16:12:46 ,DONE 
4.0000,4.8000,5.3000,5.6000,43.9700,27.6400,100.0000,1.0000,1505.0000,7/17/2025 16:12:49 ,DONE 
3.9000,4.7000,5.2000,5.5000,43.9600,27.6350,100.0000,1.0000,1504.0000,7/17/2025 16:12:53 ,DONE 
3.9000,4.7000,5.2000,5.5000,43.9700,27.6300,100.0000,1.0000,1502.0000,7/17/2025 16:12:56 ,DONE 
3.3000,4.0000,4.5000,4.7000,43.9900,27.5900,100.0000,1.0000,1508.0000,7/17/2025 16:13:18 ,DONE 
3.2000,3.9000,4.4000,4.6000,43.9900,27.5850,100.0000,1.0000,1508.0000,7/17/2025 16:13:21 ,DONE 
3.1000,3.8000,4.2000,4.4000,43.9900,27.5850,100.0000,1.0000,1506.0000,7/17/2025 16:13:25 ,DONE 
3.1000,3.8000,4.2000,4.4000,43.9900,27.5750,100.0000,1.0000,1506.0000,7/17/2025 16:13:28 ,DONE 
3.1000,3.8000,4.2000,4.4000,44.0000,27.5650,100.0000,1.0000,1506.0000,7/17/2025 16:13:32 ,DONE 
3.0000,3.7000,4.1000,4.3000,44.0000,27.5500,100.0000,1.0000,1507.0000,7/17/2025 16:13:35 ,DONE 
3.0000,3.7000,4.1000,4.3000,44.0000,27.5400,99.0000,1.0000,1507.0000,7/17/2025 16:13:39 ,DONE 
3.0000,3.7000,4.1000,4.3000,44.0100,27.5300,100.0000,1.0000,1508.0000,7/17/2025 16:13:42 ,DONE 
3.0000,3.7000,4.1000,4.3000,44.0100,27.5250,100.0000,1.0000,1509.0000,7/17/2025 16:13:46 ,DONE 
2.9000,3.5000,4.0000,4.1000,44.0200,27.5150,100.0000,1.0000,1509.0000,7/17/2025 16:13:49 ,DONE 
2.9000,3.5000,4.0000,4.1000,44.0200,27.5050,100.0000,1.0000,1509.0000,7/17/2025 16:13:53 ,DONE 
2.9000,3.5000,4.0000,4.1000,44.0300,27.4950,100.0000,1.0000,1508.0000,7/17/2025 16:13:56 ,DONE 
2.9000,3.5000,3.9000,4.1000,44.1400,27.4750,100.0000,1.0000,1510.0000,7/17/2025 16:14:18 ,DONE 
2.9000,3.5000,3.9000,4.1000,44.1500,27.4750,100.0000,1.0000,1511.0000,7/17/2025 16:14:22 ,DONE 
3.0000,3.6000,4.1000,4.3000,44.1700,27.4750,100.0000,1.0000,1512.0000,7/17/2025 16:14:25 ,DONE 
3.0000,3.6000,4.1000,4.3000,44.1700,27.4750,100.0000,1.0000,1514.0000,7/17/2025 16:14:29 ,DONE 
3.0000,3.6000,4.1000,4.3000,44.1800,27.4700,100.0000,1.0000,1516.0000,7/17/2025 16:14:32 ,DONE 
3.0000,3.6000,4.1000,4.3000,44.1800,27.4650,100.0000,1.0000,1516.0000,7/17/2025 16:14:36 ,DONE 
3.0000,3.6000,4.1000,4.3000,44.1800,27.4650,100.0000,1.0000,1517.0000,7/17/2025 16:14:39 ,DONE 
3.0000,3.6000,4.1000,4.3000,44.1800,27.4600,100.0000,1.0000,1519.0000,7/17/2025 16:14:43 ,DONE 
3.0000,3.6000,4.1000,4.3000,44.1800,27.4550,100.0000,1.0000,1519.0000,7/17/2025 16:14:46 ,DONE 
3.0000,3.6000,4.1000,4.3000,44.1800,27.4500,100.0000,1.0000,1519.0000,7/17/2025 16:14:50 ,DONE 
3.1000,3.7000,4.2000,4.4000,44.1800,27.4500,100.0000,1.0000,1521.0000,7/17/2025 16:14:53 ,DONE 
3.1000,3.7000,4.2000,4.4000,44.1900,27.4450,100.0000,1.0000,1521.0000,7/17/2025 16:14:57 ,DONE 
3.2000,3.9000,4.3000,4.6000,44.2400,27.4450,100.0000,1.0000,1522.0000,7/17/2025 16:15:4 ,DONE 
3.2000,3.9000,4.3000,4.6000,44.2800,27.4450,100.0000,1.0000,1522.0000,7/17/2025 16:15:7 ,DONE 
3.2000,3.9000,4.3000,4.6000,44.3300,27.4450,100.0000,1.0000,1524.0000,7/17/2025 16:15:11 ,DONE 
3.2000,3.9000,4.3000,4.6000,44.3600,27.4450,100.0000,1.0000,1523.0000,7/17/2025 16:15:14 ,DONE 
3.0000,3.7000,4.2000,4.4000,44.3700,27.4450,100.0000,1.0000,1524.0000,7/17/2025 16:15:18 ,DONE 
3.0000,3.7000,4.2000,4.4000,44.3600,27.4400,100.0000,1.0000,1526.0000,7/17/2025 16:15:21 ,DONE 
3.0000,3.6000,4.1000,4.3000,44.3600,27.4400,100.0000,1.0000,1526.0000,7/17/2025 16:15:25 ,DONE 
3.0000,3.6000,4.1000,4.3000,44.3700,27.4350,100.0000,1.0000,1527.0000,7/17/2025 16:15:28 ,DONE 
3.0000,3.6000,4.1000,4.3000,44.3700,27.4350,100.0000,1.0000,1527.0000,7/17/2025 16:15:32 ,DONE 
3.0000,3.6000,4.1000,4.3000,44.3800,27.4350,100.0000,1.0000,1529.0000,7/17/2025 16:15:35 ,DONE 
3.0000,3.6000,4.1000,4.3000,44.3900,27.4350,100.0000,1.0000,1529.0000,7/17/2025 16:15:39 ,DONE 
2.8000,3.5000,3.9000,4.1000,44.4000,27.4350,100.0000,1.0000,1532.0000,7/17/2025 16:15:42 ,DONE 
2.8000,3.5000,3.9000,4.1000,44.4200,27.4400,100.0000,1.0000,1534.0000,7/17/2025 16:15:46 ,DONE 
2.8000,3.5000,3.9000,4.1000,44.4200,27.4350,100.0000,1.0000,1535.0000,7/17/2025 16:15:49 ,DONE 
2.8000,3.5000,3.9000,4.1000,44.4200,27.4350,100.0000,1.0000,1536.0000,7/17/2025 16:15:53 ,DONE 
2.8000,3.5000,3.9000,4.1000,44.4100,27.4350,100.0000,1.0000,1538.0000,7/17/2025 16:15:56 ,DONE 
2.8000,3.5000,3.9000,4.1000,44.4200,27.4300,100.0000,1.0000,1542.0000,7/17/2025 16:16:5 ,DONE 
2.8000,3.5000,3.9000,4.1000,44.4100,27.4250,100.0000,1.0000,1543.0000,7/17/2025 16:16:9 ,DONE 
2.9000,3.6000,4.1000,4.3000,44.4000,27.4200,100.0000,1.0000,1542.0000,7/17/2025 16:16:12 ,DONE 
2.9000,3.6000,4.1000,4.3000,44.4000,27.4150,100.0000,1.0000,1542.0000,7/17/2025 16:16:16 ,DONE 
2.9000,3.6000,4.1000,4.3000,44.3900,27.4100,100.0000,1.0000,1544.0000,7/17/2025 16:16:19 ,DONE 
2.9000,3.6000,4.1000,4.3000,44.3900,27.3950,100.0000,1.0000,1544.0000,7/17/2025 16:16:23 ,DONE 
2.9000,3.6000,4.1000,4.3000,44.4000,27.3900,100.0000,1.0000,1545.0000,7/17/2025 16:16:26 ,DONE 
2.9000,3.6000,4.1000,4.3000,44.4100,27.3850,100.0000,1.0000,1547.0000,7/17/2025 16:16:30 ,DONE 
2.9000,3.6000,4.1000,4.3000,44.4100,27.3750,99.0000,1.0000,1547.0000,7/17/2025 16:16:33 ,DONE 
2.9000,3.6000,4.1000,4.3000,44.4300,27.3700,99.0000,1.0000,1549.0000,7/17/2025 16:16:37 ,DONE 
2.9000,3.6000,4.1000,4.3000,44.4700,27.3650,100.0000,1.0000,1551.0000,7/17/2025 16:16:40 ,DONE 
2.9000,3.6000,4.1000,4.3000,44.5000,27.3650,100.0000,1.0000,1551.0000,7/17/2025 16:16:44 ,DONE 
3.0000,3.7000,4.2000,4.4000,44.5400,27.3650,100.0000,1.0000,1555.0000,7/17/2025 16:16:47 ,DONE 
3.0000,3.7000,4.2000,4.4000,44.5600,27.3600,100.0000,1.0000,1555.0000,7/17/2025 16:16:51 ,DONE 
3.0000,3.7000,4.2000,4.4000,44.5800,27.3550,100.0000,1.0000,1556.0000,7/17/2025 16:16:54 ,DONE 
3.0000,3.7000,4.2000,4.4000,44.6000,27.3450,100.0000,1.0000,1556.0000,7/17/2025 16:16:58 ,DONE 
3.0000,3.7000,4.2000,4.4000,44.6400,27.3250,100.0000,1.0000,1558.0000,7/17/2025 16:17:6 ,DONE 
3.0000,3.7000,4.2000,4.4000,44.6600,27.3200,100.0000,1.0000,1557.0000,7/17/2025 16:17:10 ,DONE 
3.0000,3.7000,4.2000,4.4000,44.6700,27.3250,100.0000,1.0000,1556.0000,7/17/2025 16:17:13 ,DONE 
3.1000,3.8000,4.3000,4.6000,44.6900,27.3250,100.0000,1.0000,1558.0000,7/17/2025 16:17:17 ,DONE 
3.1000,3.8000,4.3000,4.6000,44.7100,27.3200,100.0000,1.0000,1560.0000,7/17/2025 16:17:20 ,DONE 
3.0000,3.7000,4.2000,4.4000,44.7200,27.3200,100.0000,1.0000,1560.0000,7/17/2025 16:17:24 ,DONE 
3.1000,3.8000,4.3000,4.6000,44.7300,27.3150,100.0000,1.0000,1560.0000,7/17/2025 16:17:27 ,DONE 
3.1000,3.8000,4.3000,4.6000,44.7400,27.3150,100.0000,1.0000,1562.0000,7/17/2025 16:17:31 ,DONE 
3.0000,3.7000,4.2000,4.4000,44.7400,27.3200,100.0000,1.0000,1561.0000,7/17/2025 16:17:34 ,DONE 
3.0000,3.7000,4.2000,4.4000,44.7400,27.3150,100.0000,1.0000,1561.0000,7/17/2025 16:17:38 ,DONE 
3.0000,3.7000,4.2000,4.4000,44.7500,27.3200,100.0000,1.0000,1563.0000,7/17/2025 16:17:41 ,DONE 
2.9000,3.6000,4.1000,4.3000,44.7400,27.3200,100.0000,1.0000,1564.0000,7/17/2025 16:17:45 ,DONE 
2.9000,3.6000,4.1000,4.3000,44.7400,27.3200,100.0000,1.0000,1565.0000,7/17/2025 16:17:48 ,DONE 
2.9000,3.6000,4.1000,4.3000,44.7500,27.3200,100.0000,1.0000,1564.0000,7/17/2025 16:17:52 ,DONE 
2.8000,3.5000,3.9000,4.1000,44.7500,27.3200,100.0000,1.0000,1564.0000,7/17/2025 16:17:55 ,DONE 
2.8000,3.5000,3.9000,4.1000,44.7500,27.3150,100.0000,1.0000,1564.0000,7/17/2025 16:17:59 ,DONE 
2.8000,3.5000,3.9000,4.1000,44.7800,27.3200,100.0000,1.0000,1566.0000,7/17/2025 16:18:7 ,DONE 
2.8000,3.5000,3.9000,4.1000,44.8000,27.3250,100.0000,1.0000,1566.0000,7/17/2025 16:18:10 ,DONE 
2.8000,3.5000,3.9000,4.1000,44.8200,27.3250,100.0000,1.0000,1564.0000,7/17/2025 16:18:14 ,DONE 
2.8000,3.5000,3.9000,4.1000,44.8700,27.3300,100.0000,1.0000,1562.0000,7/17/2025 16:18:17 ,DONE 
2.8000,3.5000,3.9000,4.1000,44.9200,27.3350,100.0000,1.0000,1562.0000,7/17/2025 16:18:21 ,DONE 
2.8000,3.5000,3.9000,4.1000,44.9600,27.3450,100.0000,1.0000,1565.0000,7/17/2025 16:18:24 ,DONE 
2.7000,3.4000,3.8000,4.0000,44.9700,27.3550,100.0000,1.0000,1565.0000,7/17/2025 16:18:28 ,DONE 
2.7000,3.4000,3.8000,4.0000,45.0200,27.3600,100.0000,1.0000,1568.0000,7/17/2025 16:18:31 ,DONE 
2.7000,3.4000,3.8000,4.0000,45.0800,27.3650,101.0000,1.0000,1571.0000,7/17/2025 16:18:35 ,DONE 
2.6000,3.2000,3.6000,3.8000,45.1500,27.3700,101.0000,1.0000,1573.0000,7/17/2025 16:18:38 ,DONE 
2.5000,3.1000,3.5000,3.7000,45.1700,27.3750,101.0000,1.0000,1574.0000,7/17/2025 16:18:42 ,DONE 
2.5000,3.1000,3.5000,3.7000,45.1900,27.3800,101.0000,1.0000,1575.0000,7/17/2025 16:18:45 ,DONE 
2.5000,3.1000,3.5000,3.7000,45.1800,27.3850,101.0000,1.0000,1577.0000,7/17/2025 16:18:49 ,DONE 
2.5000,3.1000,3.5000,3.7000,45.1600,27.3950,101.0000,1.0000,1579.0000,7/17/2025 16:18:52 ,DONE 
2.5000,3.1000,3.5000,3.7000,45.1400,27.4000,101.0000,1.0000,1580.0000,7/17/2025 16:18:56 ,DONE 
2.5000,3.1000,3.5000,3.7000,45.1200,27.4100,101.0000,1.0000,1582.0000,7/17/2025 16:18:59 ,DONE 
2.5000,3.1000,3.5000,3.7000,45.1000,27.4300,101.0000,1.0000,1585.0000,7/17/2025 16:19:8 ,DONE 
2.6000,3.2000,3.6000,3.8000,45.1000,27.4350,101.0000,1.0000,1585.0000,7/17/2025 16:19:11 ,DONE 
2.6000,3.2000,3.6000,3.8000,45.1000,27.4500,101.0000,1.0000,1586.0000,7/17/2025 16:19:15 ,DONE 
2.6000,3.2000,3.6000,3.8000,45.1000,27.4600,101.0000,1.0000,1588.0000,7/17/2025 16:19:18 ,DONE 
2.6000,3.2000,3.6000,3.8000,45.1100,27.4750,100.0000,1.0000,1588.0000,7/17/2025 16:19:22 ,DONE 
2.6000,3.2000,3.6000,3.8000,45.1000,27.4900,100.0000,1.0000,1588.0000,7/17/2025 16:19:25 ,DONE 
2.7000,3.3000,3.8000,4.0000,45.0800,27.5000,100.0000,1.0000,1588.0000,7/17/2025 16:19:29 ,DONE 
2.7000,3.3000,3.8000,4.0000,45.0700,27.5050,100.0000,1.0000,1588.0000,7/17/2025 16:19:32 ,DONE 
2.7000,3.3000,3.8000,4.0000,45.0400,27.5100,100.0000,1.0000,1588.0000,7/17/2025 16:19:36 ,DONE 
2.7000,3.3000,3.8000,4.0000,45.0200,27.5200,100.0000,1.0000,1587.0000,7/17/2025 16:19:39 ,DONE 
2.8000,3.5000,3.9000,4.1000,44.9700,27.5300,100.0000,1.0000,1586.0000,7/17/2025 16:19:43 ,DONE 
2.8000,3.5000,3.9000,4.1000,44.9400,27.5350,100.0000,1.0000,1586.0000,7/17/2025 16:19:46 ,DONE 
2.8000,3.5000,3.9000,4.1000,44.9000,27.5350,100.0000,1.0000,1586.0000,7/17/2025 16:19:50 ,DONE 
2.7000,3.3000,3.8000,4.0000,44.8700,27.5400,100.0000,1.0000,1586.0000,7/17/2025 16:19:53 ,DONE 
2.8000,3.5000,3.9000,4.1000,44.8300,27.5450,100.0000,1.0000,1586.0000,7/17/2025 16:19:57 ,DONE 
2.8000,3.5000,3.9000,4.1000,44.7500,27.5600,100.0000,1.0000,1586.0000,7/17/2025 16:20:4 ,DONE 
2.8000,3.5000,3.9000,4.1000,44.7000,27.5600,100.0000,1.0000,1587.0000,7/17/2025 16:20:7 ,DONE 
2.8000,3.5000,3.9000,4.1000,44.6700,27.5650,100.0000,1.0000,1587.0000,7/17/2025 16:20:11 ,DONE 
2.8000,3.5000,3.9000,4.1000,44.6500,27.5700,100.0000,1.0000,1588.0000,7/17/2025 16:20:14 ,DONE 
2.8000,3.5000,3.9000,4.1000,44.6300,27.5650,100.0000,1.0000,1591.0000,7/17/2025 16:20:18 ,DONE 
2.8000,3.5000,3.9000,4.1000,44.6200,27.5650,100.0000,1.0000,1592.0000,7/17/2025 16:20:21 ,DONE 
2.8000,3.5000,3.9000,4.1000,44.6100,27.5650,100.0000,1.0000,1593.0000,7/17/2025 16:20:25 ,DONE 
2.8000,3.5000,3.9000,4.1000,44.6000,27.5650,100.0000,1.0000,1592.0000,7/17/2025 16:20:28 ,DONE 
2.8000,3.5000,3.9000,4.1000,44.5900,27.5600,100.0000,1.0000,1592.0000,7/17/2025 16:20:32 ,DONE 
2.8000,3.5000,3.9000,4.1000,44.5800,27.5600,100.0000,1.0000,1593.0000,7/17/2025 16:20:35 ,DONE 
2.9000,3.6000,4.1000,4.3000,44.5800,27.5600,100.0000,1.0000,1593.0000,7/17/2025 16:20:39 ,DONE 
2.9000,3.6000,4.1000,4.3000,44.5700,27.5600,100.0000,1.0000,1593.0000,7/17/2025 16:20:43 ,DONE 
2.9000,3.6000,4.1000,4.3000,44.5700,27.5600,100.0000,1.0000,1593.0000,7/17/2025 16:20:46 ,DONE 
2.9000,3.6000,4.1000,4.3000,44.5700,27.5650,100.0000,1.0000,1593.0000,7/17/2025 16:20:50 ,DONE 
2.9000,3.6000,4.1000,4.3000,44.5800,27.5650,100.0000,1.0000,1594.0000,7/17/2025 16:20:53 ,DONE 
2.9000,3.6000,4.1000,4.3000,44.5900,27.5700,100.0000,1.0000,1593.0000,7/17/2025 16:20:57 ,DONE 
3.0000,3.7000,4.2000,4.4000,44.5900,27.5750,101.0000,1.0000,1594.0000,7/17/2025 16:21:5 ,DONE 
3.0000,3.7000,4.2000,4.4000,44.5900,27.5800,101.0000,1.0000,1594.0000,7/17/2025 16:21:8 ,DONE 
3.0000,3.7000,4.2000,4.4000,44.5800,27.5850,101.0000,1.0000,1594.0000,7/17/2025 16:21:12 ,DONE 
3.0000,3.7000,4.2000,4.4000,44.5800,27.5900,100.0000,1.0000,1593.0000,7/17/2025 16:21:15 ,DONE 
3.0000,3.7000,4.2000,4.4000,44.5700,27.5950,101.0000,1.0000,1593.0000,7/17/2025 16:21:19 ,DONE 
3.1000,3.8000,4.3000,4.6000,44.5700,27.5950,101.0000,1.0000,1593.0000,7/17/2025 16:21:22 ,DONE 
3.1000,3.8000,4.3000,4.6000,44.5500,27.6000,100.0000,1.0000,1593.0000,7/17/2025 16:21:26 ,DONE 
3.1000,3.8000,4.3000,4.6000,44.5300,27.6150,100.0000,1.0000,1593.0000,7/17/2025 16:21:29 ,DONE 
3.0000,3.7000,4.2000,4.4000,44.5200,27.6200,100.0000,1.0000,1594.0000,7/17/2025 16:21:33 ,DONE 
3.0000,3.7000,4.2000,4.4000,44.5000,27.6350,100.0000,1.0000,1591.0000,7/17/2025 16:21:36 ,DONE 
2.9000,3.6000,4.0000,4.3000,44.4800,27.6500,100.0000,1.0000,1590.0000,7/17/2025 16:21:40 ,DONE 
2.9000,3.6000,4.0000,4.3000,44.4400,27.6650,100.0000,1.0000,1589.0000,7/17/2025 16:21:43 ,DONE 
2.9000,3.6000,4.0000,4.3000,44.3900,27.6800,100.0000,1.0000,1590.0000,7/17/2025 16:21:47 ,DONE 
2.9000,3.6000,4.0000,4.3000,44.3500,27.6950,100.0000,1.0000,1590.0000,7/17/2025 16:21:51 ,DONE 
2.8000,3.5000,3.9000,4.1000,44.3000,27.7100,100.0000,1.0000,1591.0000,7/17/2025 16:21:54 ,DONE 
2.8000,3.5000,3.9000,4.1000,44.2800,27.7250,100.0000,1.0000,1590.0000,7/17/2025 16:21:58 ,DONE 
2.7000,3.3000,3.8000,4.0000,44.1200,27.7800,100.0000,1.0000,1590.0000,7/17/2025 16:22:6 ,DONE 
2.7000,3.3000,3.8000,4.0000,44.0400,27.8050,100.0000,1.0000,1591.0000,7/17/2025 16:22:10 ,DONE 
2.7000,3.3000,3.8000,4.0000,43.9700,27.8200,100.0000,1.0000,1591.0000,7/17/2025 16:22:13 ,DONE 
2.7000,3.3000,3.8000,4.0000,43.9200,27.8300,100.0000,1.0000,1590.0000,7/17/2025 16:22:17 ,DONE 
2.7000,3.3000,3.8000,4.0000,43.8800,27.8300,100.0000,1.0000,1589.0000,7/17/2025 16:22:20 ,DONE 
2.7000,3.3000,3.8000,4.0000,43.8400,27.8350,100.0000,1.0000,1589.0000,7/17/2025 16:22:24 ,DONE 
2.7000,3.3000,3.8000,4.0000,43.8200,27.8500,100.0000,1.0000,1587.0000,7/17/2025 16:22:27 ,DONE 
2.7000,3.3000,3.8000,4.0000,43.8300,27.8650,100.0000,1.0000,1586.0000,7/17/2025 16:22:31 ,DONE 
2.7000,3.3000,3.8000,4.0000,43.8200,27.8800,100.0000,1.0000,1586.0000,7/17/2025 16:22:35 ,DONE 
2.7000,3.3000,3.8000,4.0000,43.8000,27.9000,100.0000,1.0000,1585.0000,7/17/2025 16:22:38 ,DONE 
2.8000,3.5000,3.9000,4.1000,43.7300,27.9250,100.0000,1.0000,1584.0000,7/17/2025 16:22:42 ,DONE 
2.8000,3.5000,3.9000,4.1000,43.6500,27.9350,100.0000,1.0000,1584.0000,7/17/2025 16:22:45 ,DONE 
2.8000,3.5000,3.9000,4.1000,43.6000,27.9450,100.0000,1.0000,1584.0000,7/17/2025 16:22:49 ,DONE 
2.9000,3.6000,4.0000,4.3000,43.5400,27.9550,100.0000,1.0000,1584.0000,7/17/2025 16:22:53 ,DONE 
2.9000,3.6000,4.0000,4.3000,43.4900,27.9600,100.0000,1.0000,1582.0000,7/17/2025 16:22:56 ,DONE 
2.9000,3.6000,4.0000,4.3000,43.4600,27.9550,100.0000,1.0000,1579.0000,7/17/2025 16:23:4 ,DONE 
2.9000,3.6000,4.0000,4.3000,43.4300,27.9500,100.0000,1.0000,1577.0000,7/17/2025 16:23:7 ,DONE 
2.8000,3.5000,3.9000,4.1000,43.4200,27.9450,100.0000,1.0000,1577.0000,7/17/2025 16:23:11 ,DONE 
2.8000,3.5000,3.9000,4.1000,43.4300,27.9400,100.0000,1.0000,1577.0000,7/17/2025 16:23:15 ,DONE 
2.8000,3.5000,3.9000,4.1000,43.4300,27.9450,100.0000,1.0000,1576.0000,7/17/2025 16:23:18 ,DONE 
2.8000,3.5000,3.9000,4.1000,43.4200,27.9450,100.0000,1.0000,1575.0000,7/17/2025 16:23:22 ,DONE 
2.8000,3.5000,3.9000,4.1000,43.4000,27.9450,100.0000,1.0000,1574.0000,7/17/2025 16:23:25 ,DONE 
2.8000,3.5000,3.9000,4.1000,43.3900,27.9450,100.0000,1.0000,1573.0000,7/17/2025 16:23:29 ,DONE 
2.9000,3.6000,4.0000,4.3000,43.3700,27.9500,100.0000,1.0000,1572.0000,7/17/2025 16:23:32 ,DONE 
3.0000,3.7000,4.2000,4.4000,43.3500,27.9450,100.0000,1.0000,1571.0000,7/17/2025 16:23:36 ,DONE 
3.0000,3.7000,4.2000,4.4000,43.3400,27.9450,100.0000,1.0000,1570.0000,7/17/2025 16:23:40 ,DONE 
3.1000,3.8000,4.3000,4.6000,43.3400,27.9400,100.0000,1.0000,1569.0000,7/17/2025 16:23:43 ,DONE 
3.1000,3.8000,4.3000,4.6000,43.3500,27.9350,100.0000,1.0000,1569.0000,7/17/2025 16:23:47 ,DONE 
3.1000,3.8000,4.3000,4.6000,43.3500,27.9350,100.0000,1.0000,1567.0000,7/17/2025 16:23:50 ,DONE 
3.0000,3.7000,4.2000,4.4000,43.3500,27.9400,100.0000,1.0000,1567.0000,7/17/2025 16:23:54 ,DONE 
3.0000,3.7000,4.2000,4.4000,43.3600,27.9400,100.0000,1.0000,1567.0000,7/17/2025 16:23:58 ,DONE 
2.9000,3.6000,4.0000,4.3000,43.3500,27.9400,100.0000,1.0000,1568.0000,7/17/2025 16:24:6 ,DONE 
2.9000,3.6000,4.0000,4.3000,43.3500,27.9400,100.0000,1.0000,1566.0000,7/17/2025 16:24:9 ,DONE 
2.9000,3.6000,4.0000,4.3000,43.3600,27.9450,100.0000,1.0000,1565.0000,7/17/2025 16:24:13 ,DONE 
2.9000,3.6000,4.0000,4.3000,43.3700,27.9500,100.0000,1.0000,1566.0000,7/17/2025 16:24:16 ,DONE 
2.8000,3.5000,3.9000,4.1000,43.3600,27.9500,100.0000,1.0000,1563.0000,7/17/2025 16:24:20 ,DONE 
2.8000,3.5000,3.9000,4.1000,43.3600,27.9450,100.0000,1.0000,1562.0000,7/17/2025 16:24:24 ,DONE 
2.8000,3.5000,3.9000,4.1000,43.3500,27.9450,100.0000,1.0000,1561.0000,7/17/2025 16:24:27 ,DONE 
2.8000,3.5000,3.9000,4.1000,43.3300,27.9400,100.0000,1.0000,1558.0000,7/17/2025 16:24:31 ,DONE 
2.8000,3.5000,3.9000,4.1000,43.3000,27.9400,100.0000,1.0000,1558.0000,7/17/2025 16:24:34 ,DONE 
2.7000,3.3000,3.8000,4.0000,43.2900,27.9400,100.0000,1.0000,1557.0000,7/17/2025 16:24:38 ,DONE 
2.7000,3.3000,3.8000,4.0000,43.2800,27.9450,100.0000,1.0000,1555.0000,7/17/2025 16:24:42 ,DONE 
2.7000,3.3000,3.8000,4.0000,43.2700,27.9500,100.0000,1.0000,1553.0000,7/17/2025 16:24:45 ,DONE 
2.9000,3.6000,4.0000,4.3000,43.2500,27.9450,100.0000,1.0000,1552.0000,7/17/2025 16:24:49 ,DONE 
2.9000,3.6000,4.0000,4.3000,43.2400,27.9400,100.0000,1.0000,1550.0000,7/17/2025 16:24:52 ,DONE 
3.0000,3.7000,4.2000,4.4000,43.2500,27.9400,100.0000,1.0000,1549.0000,7/17/2025 16:24:56 ,DONE 
3.0000,3.7000,4.2000,4.4000,43.2500,27.9400,100.0000,1.0000,1549.0000,7/17/2025 16:24:59 ,DONE 
3.2000,3.9000,4.4000,4.7000,43.2400,27.9350,100.0000,1.0000,1550.0000,7/17/2025 16:25:7 ,DONE 
3.4000,4.2000,4.7000,5.0000,43.2400,27.9400,100.0000,1.0000,1552.0000,7/17/2025 16:25:11 ,DONE 
3.8000,4.7000,5.3000,5.6000,43.2500,27.9400,100.0000,1.0000,1554.0000,7/17/2025 16:25:14 ,DONE 
3.9000,4.8000,5.4000,5.7000,43.2600,27.9400,100.0000,1.0000,1554.0000,7/17/2025 16:25:18 ,DONE 
4.0000,4.9000,5.5000,5.9000,43.2700,27.9400,101.0000,1.0000,1554.0000,7/17/2025 16:25:21 ,DONE 
4.0000,5.0000,5.7000,6.0000,43.2800,27.9350,101.0000,1.0000,1556.0000,7/17/2025 16:25:25 ,DONE 
4.0000,4.9000,5.5000,5.9000,43.2900,27.9350,101.0000,1.0000,1558.0000,7/17/2025 16:25:29 ,DONE 
4.0000,4.9000,5.5000,5.9000,43.3000,27.9350,101.0000,1.0000,1557.0000,7/17/2025 16:25:32 ,DONE 
4.0000,4.9000,5.5000,5.9000,43.3000,27.9350,101.0000,1.0000,1557.0000,7/17/2025 16:25:36 ,DONE 
3.9000,4.8000,5.4000,5.7000,43.3100,27.9350,101.0000,1.0000,1558.0000,7/17/2025 16:25:39 ,DONE 
3.9000,4.8000,5.4000,5.7000,43.3200,27.9300,101.0000,1.0000,1559.0000,7/17/2025 16:25:43 ,DONE 
3.8000,4.7000,5.3000,5.6000,43.3200,27.9300,101.0000,1.0000,1559.0000,7/17/2025 16:25:46 ,DONE 
3.7000,4.5000,5.1000,5.4000,43.3300,27.9300,101.0000,1.0000,1559.0000,7/17/2025 16:25:50 ,DONE 
3.7000,4.5000,5.1000,5.4000,43.3300,27.9300,101.0000,1.0000,1560.0000,7/17/2025 16:25:54 ,DONE 
3.6000,4.4000,5.0000,5.3000,43.3400,27.9350,101.0000,1.0000,1563.0000,7/17/2025 16:25:57 ,DONE 
3.4000,4.2000,4.7000,5.0000,43.4300,27.9450,101.0000,1.0000,1562.0000,7/17/2025 16:26:5 ,DONE 
3.4000,4.2000,4.7000,5.0000,43.4700,27.9500,101.0000,1.0000,1564.0000,7/17/2025 16:26:9 ,DONE 
3.3000,4.1000,4.6000,4.8000,43.5000,27.9550,101.0000,1.0000,1567.0000,7/17/2025 16:26:12 ,DONE 
3.3000,4.1000,4.6000,4.8000,43.4900,27.9550,101.0000,1.0000,1569.0000,7/17/2025 16:26:16 ,DONE 
3.1000,3.8000,4.3000,4.6000,43.4900,27.9550,101.0000,1.0000,1571.0000,7/17/2025 16:26:19 ,DONE 
3.1000,3.8000,4.3000,4.6000,43.4800,27.9600,101.0000,1.0000,1573.0000,7/17/2025 16:26:23 ,DONE 
3.0000,3.7000,4.2000,4.4000,43.4700,27.9600,101.0000,1.0000,1576.0000,7/17/2025 16:26:26 ,DONE 
3.0000,3.7000,4.2000,4.4000,43.4600,27.9550,101.0000,1.0000,1575.0000,7/17/2025 16:26:30 ,DONE 
3.0000,3.7000,4.2000,4.4000,43.4500,27.9550,101.0000,1.0000,1575.0000,7/17/2025 16:26:34 ,DONE 
3.0000,3.7000,4.2000,4.4000,43.4300,27.9550,101.0000,1.0000,1575.0000,7/17/2025 16:26:37 ,DONE 
3.0000,3.7000,4.2000,4.4000,43.4100,27.9550,101.0000,1.0000,1575.0000,7/17/2025 16:26:41 ,DONE 
3.0000,3.7000,4.2000,4.4000,43.4000,27.9500,101.0000,1.0000,1574.0000,7/17/2025 16:26:44 ,DONE 
3.0000,3.7000,4.2000,4.4000,43.3900,27.9500,101.0000,1.0000,1574.0000,7/17/2025 16:26:48 ,DONE 
3.0000,3.7000,4.2000,4.4000,43.3800,27.9500,101.0000,1.0000,1575.0000,7/17/2025 16:26:52 ,DONE 
3.0000,3.7000,4.2000,4.4000,43.3800,27.9500,101.0000,1.0000,1576.0000,7/17/2025 16:26:55 ,DONE 
3.1000,3.8000,4.3000,4.6000,43.3700,27.9500,101.0000,1.0000,1574.0000,7/17/2025 16:26:59 ,DONE 
3.1000,3.8000,4.3000,4.6000,43.3600,27.9500,101.0000,1.0000,1571.0000,7/17/2025 16:27:6 ,DONE 
3.1000,3.8000,4.3000,4.6000,43.3500,27.9500,101.0000,1.0000,1570.0000,7/17/2025 16:27:9 ,DONE 
3.2000,3.9000,4.4000,4.7000,43.3500,27.9550,101.0000,1.0000,1570.0000,7/17/2025 16:27:13 ,DONE 
3.2000,3.9000,4.4000,4.7000,43.3400,27.9550,101.0000,1.0000,1569.0000,7/17/2025 16:27:17 ,DONE 
3.3000,4.1000,4.6000,4.8000,43.3400,27.9550,101.0000,1.0000,1569.0000,7/17/2025 16:27:20 ,DONE 
3.3000,4.1000,4.6000,4.8000,43.3300,27.9550,101.0000,1.0000,1569.0000,7/17/2025 16:27:24 ,DONE 
3.4000,4.2000,4.7000,5.0000,43.3200,27.9550,101.0000,1.0000,1569.0000,7/17/2025 16:27:27 ,DONE 
3.5000,4.3000,4.9000,5.1000,43.3100,27.9550,101.0000,1.0000,1570.0000,7/17/2025 16:27:31 ,DONE 
3.5000,4.3000,4.9000,5.1000,43.3100,27.9500,101.0000,1.0000,1571.0000,7/17/2025 16:27:35 ,DONE 
3.5000,4.3000,4.9000,5.1000,43.3200,27.9550,101.0000,1.0000,1569.0000,7/17/2025 16:27:38 ,DONE 
3.6000,4.4000,5.0000,5.3000,43.3300,27.9550,101.0000,1.0000,1569.0000,7/17/2025 16:27:42 ,DONE 
3.6000,4.4000,5.0000,5.3000,43.3300,27.9600,101.0000,1.0000,1570.0000,7/17/2025 16:27:45 ,DONE 
3.6000,4.4000,5.0000,5.3000,43.3200,27.9650,101.0000,1.0000,1570.0000,7/17/2025 16:27:49 ,DONE 
3.7000,4.5000,5.1000,5.4000,43.3200,27.9750,100.0000,1.0000,1572.0000,7/17/2025 16:27:52 ,DONE 
3.7000,4.5000,5.1000,5.4000,43.3100,27.9800,100.0000,1.0000,1571.0000,7/17/2025 16:27:56 ,DONE 
3.5000,4.4000,5.0000,5.3000,43.2800,27.9900,100.0000,1.0000,1572.0000,7/17/2025 16:28:4 ,DONE 
3.3000,4.2000,4.7000,5.0000,43.2700,28.0000,101.0000,1.0000,1572.0000,7/17/2025 16:28:7 ,DONE 
3.2000,4.0000,4.6000,4.8000,43.2600,28.0100,101.0000,1.0000,1575.0000,7/17/2025 16:28:11 ,DONE 
3.2000,3.9000,4.4000,4.7000,43.2700,28.0150,101.0000,1.0000,1576.0000,7/17/2025 16:28:14 ,DONE 
3.2000,3.9000,4.4000,4.7000,43.2700,28.0200,101.0000,1.0000,1576.0000,7/17/2025 16:28:18 ,DONE 
3.2000,3.9000,4.4000,4.7000,43.2600,28.0150,101.0000,1.0000,1576.0000,7/17/2025 16:28:22 ,DONE 
3.2000,3.9000,4.4000,4.7000,43.2400,28.0100,101.0000,1.0000,1578.0000,7/17/2025 16:28:25 ,DONE 
3.2000,3.9000,4.4000,4.7000,43.2200,28.0100,101.0000,1.0000,1580.0000,7/17/2025 16:28:29 ,DONE 
3.2000,3.9000,4.4000,4.7000,43.2100,28.0050,101.0000,1.0000,1581.0000,7/17/2025 16:28:32 ,DONE 
3.1000,3.9000,4.4000,4.7000,43.2100,27.9950,101.0000,1.0000,1583.0000,7/17/2025 16:28:36 ,DONE 
3.1000,3.9000,4.4000,4.7000,43.2200,27.9950,101.0000,1.0000,1585.0000,7/17/2025 16:28:39 ,DONE 
3.1000,3.9000,4.4000,4.7000,43.2200,27.9900,101.0000,1.0000,1587.0000,7/17/2025 16:28:43 ,DONE 
3.1000,3.9000,4.4000,4.7000,43.2200,27.9850,101.0000,1.0000,1589.0000,7/17/2025 16:28:47 ,DONE 
3.0000,3.8000,4.3000,4.6000,43.2100,27.9800,101.0000,1.0000,1589.0000,7/17/2025 16:28:50 ,DONE 
2.9000,3.7000,4.2000,4.4000,43.1900,27.9700,101.0000,1.0000,1590.0000,7/17/2025 16:28:54 ,DONE 
2.9000,3.7000,4.2000,4.4000,43.1800,27.9600,101.0000,1.0000,1592.0000,7/17/2025 16:28:57 ,DONE 
2.9000,3.7000,4.2000,4.4000,43.1800,27.9450,101.0000,1.0000,1594.0000,7/17/2025 16:29:5 ,DONE 
2.9000,3.7000,4.2000,4.4000,43.1900,27.9450,101.0000,1.0000,1596.0000,7/17/2025 16:29:9 ,DONE 
2.9000,3.7000,4.2000,4.4000,43.1900,27.9450,101.0000,1.0000,1597.0000,7/17/2025 16:29:12 ,DONE 
2.9000,3.7000,4.2000,4.4000,43.1800,27.9400,101.0000,1.0000,1599.0000,7/17/2025 16:29:16 ,DONE 
2.9000,3.7000,4.2000,4.4000,43.1800,27.9400,101.0000,1.0000,1599.0000,7/17/2025 16:29:19 ,DONE 
2.9000,3.7000,4.2000,4.4000,43.1800,27.9400,101.0000,1.0000,1599.0000,7/17/2025 16:29:23 ,DONE 
2.9000,3.7000,4.2000,4.4000,43.1800,27.9350,101.0000,1.0000,1600.0000,7/17/2025 16:29:27 ,DONE 
2.8000,3.6000,4.0000,4.3000,43.1800,27.9250,101.0000,1.0000,1602.0000,7/17/2025 16:29:30 ,DONE 
2.8000,3.6000,4.0000,4.3000,43.2000,27.9200,101.0000,1.0000,1606.0000,7/17/2025 16:29:34 ,DONE 
2.8000,3.6000,4.0000,4.3000,43.2100,27.9150,101.0000,1.0000,1605.0000,7/17/2025 16:29:37 ,DONE 
2.8000,3.6000,4.0000,4.3000,43.2100,27.9150,101.0000,1.0000,1607.0000,7/17/2025 16:29:41 ,DONE 
2.8000,3.6000,4.0000,4.3000,43.2100,27.9150,101.0000,1.0000,1610.0000,7/17/2025 16:29:44 ,DONE 
2.8000,3.6000,4.0000,4.3000,43.2100,27.9150,101.0000,1.0000,1613.0000,7/17/2025 16:29:48 ,DONE 
2.8000,3.6000,4.0000,4.3000,43.2100,27.9100,101.0000,1.0000,1612.0000,7/17/2025 16:29:52 ,DONE 
2.9000,3.7000,4.2000,4.4000,43.2000,27.9100,101.0000,1.0000,1614.0000,7/17/2025 16:29:55 ,DONE 
2.9000,3.7000,4.2000,4.4000,43.2000,27.9100,101.0000,1.0000,1617.0000,7/17/2025 16:29:59 ,DONE 
2.9000,3.7000,4.2000,4.4000,43.1800,27.9100,101.0000,1.0000,1619.0000,7/17/2025 16:30:7 ,DONE 
2.9000,3.7000,4.2000,4.4000,43.1800,27.9100,101.0000,1.0000,1621.0000,7/17/2025 16:30:10 ,DONE 
2.9000,3.7000,4.2000,4.4000,43.1800,27.9100,101.0000,1.0000,1623.0000,7/17/2025 16:30:14 ,DONE 
2.9000,3.7000,4.2000,4.4000,43.1800,27.9100,101.0000,1.0000,1623.0000,7/17/2025 16:30:18 ,DONE 
2.9000,3.7000,4.2000,4.4000,43.1900,27.9100,101.0000,1.0000,1624.0000,7/17/2025 16:30:21 ,DONE 
2.9000,3.7000,4.2000,4.4000,43.2000,27.9150,101.0000,1.0000,1626.0000,7/17/2025 16:30:25 ,DONE 
2.9000,3.7000,4.2000,4.4000,43.2000,27.9200,101.0000,1.0000,1629.0000,7/17/2025 16:30:28 ,DONE 
3.3000,4.1000,4.7000,5.0000,43.2000,27.9300,101.0000,1.0000,1633.0000,7/17/2025 16:30:32 ,DONE 
3.3000,4.1000,4.7000,5.0000,43.2000,27.9450,101.0000,1.0000,1633.0000,7/17/2025 16:30:36 ,DONE 
3.4000,4.2000,4.8000,5.1000,43.1900,27.9500,101.0000,1.0000,1634.0000,7/17/2025 16:30:39 ,DONE 
3.5000,4.4000,5.0000,5.3000,43.1900,27.9550,101.0000,1.0000,1637.0000,7/17/2025 16:30:43 ,DONE 
3.5000,4.4000,5.0000,5.3000,43.1900,27.9550,101.0000,1.0000,1639.0000,7/17/2025 16:30:46 ,DONE 
3.7000,4.6000,5.2000,5.5000,43.1800,27.9550,101.0000,1.0000,1640.0000,7/17/2025 16:30:50 ,DONE 
3.8000,4.7000,5.4000,5.7000,43.1800,27.9600,101.0000,1.0000,1641.0000,7/17/2025 16:30:53 ,DONE 
3.9000,4.9000,5.6000,6.0000,43.1800,27.9600,101.0000,1.0000,1641.0000,7/17/2025 16:30:57 ,DONE 
4.1000,5.2000,5.9000,6.3000,43.1500,27.9650,101.0000,1.0000,1648.0000,7/17/2025 16:31:5 ,DONE 
4.1000,5.2000,5.9000,6.3000,43.1400,27.9650,101.0000,1.0000,1649.0000,7/17/2025 16:31:8 ,DONE 
4.0000,5.1000,5.8000,6.1000,43.1300,27.9600,101.0000,1.0000,1649.0000,7/17/2025 16:31:12 ,DONE 
3.9000,4.9000,5.6000,6.0000,43.1300,27.9550,101.0000,1.0000,1650.0000,7/17/2025 16:31:15 ,DONE 
3.7000,4.7000,5.4000,5.7000,43.1300,27.9500,101.0000,1.0000,1652.0000,7/17/2025 16:31:19 ,DONE 
3.6000,4.5000,5.1000,5.4000,43.1300,27.9400,101.0000,1.0000,1653.0000,7/17/2025 16:31:23 ,DONE 
3.5000,4.4000,5.0000,5.3000,43.1300,27.9350,101.0000,1.0000,1655.0000,7/17/2025 16:31:26 ,DONE 
3.3000,4.1000,4.7000,5.0000,43.1300,27.9300,101.0000,1.0000,1659.0000,7/17/2025 16:31:30 ,DONE 
3.2000,4.0000,4.6000,4.8000,43.1300,27.9300,101.0000,1.0000,1658.0000,7/17/2025 16:31:33 ,DONE 
3.1000,3.9000,4.4000,4.7000,43.1300,27.9300,101.0000,1.0000,1659.0000,7/17/2025 16:31:37 ,DONE 
3.1000,3.9000,4.4000,4.7000,43.1300,27.9300,101.0000,1.0000,1661.0000,7/17/2025 16:31:41 ,DONE 
3.0000,3.8000,4.3000,4.5000,43.1300,27.9300,101.0000,1.0000,1661.0000,7/17/2025 16:31:44 ,DONE 
2.9000,3.6000,4.1000,4.4000,43.1300,27.9300,101.0000,1.0000,1661.0000,7/17/2025 16:31:48 ,DONE 
2.8000,3.5000,4.0000,4.3000,43.1300,27.9300,101.0000,1.0000,1661.0000,7/17/2025 16:31:51 ,DONE 
2.8000,3.5000,4.0000,4.3000,43.1200,27.9300,100.0000,1.0000,1663.0000,7/17/2025 16:31:55 ,DONE 
2.7000,3.4000,3.9000,4.1000,43.1200,27.9300,101.0000,1.0000,1663.0000,7/17/2025 16:31:58 ,DONE 
2.6000,3.3000,3.7000,4.0000,43.1000,27.9250,100.0000,1.0000,1664.0000,7/17/2025 16:32:6 ,DONE 
2.6000,3.3000,3.7000,4.0000,43.1000,27.9200,100.0000,1.0000,1665.0000,7/17/2025 16:32:10 ,DONE 
2.6000,3.3000,3.7000,4.0000,43.1000,27.9200,100.0000,1.0000,1665.0000,7/17/2025 16:32:13 ,DONE 
2.6000,3.3000,3.7000,4.0000,43.1000,27.9150,100.0000,1.0000,1666.0000,7/17/2025 16:32:17 ,DONE 
2.6000,3.3000,3.7000,4.0000,43.0900,27.9100,101.0000,1.0000,1668.0000,7/17/2025 16:32:20 ,DONE 
2.6000,3.3000,3.7000,4.0000,43.0900,27.9050,101.0000,1.0000,1669.0000,7/17/2025 16:32:24 ,DONE 
2.6000,3.3000,3.7000,4.0000,43.0900,27.9000,101.0000,1.0000,1669.0000,7/17/2025 16:32:28 ,DONE 
2.6000,3.3000,3.7000,4.0000,43.1000,27.8950,100.0000,1.0000,1670.0000,7/17/2025 16:32:31 ,DONE 
2.6000,3.3000,3.7000,4.0000,43.1000,27.8900,100.0000,1.0000,1671.0000,7/17/2025 16:32:35 ,DONE 
2.6000,3.3000,3.7000,4.0000,43.1100,27.8900,101.0000,1.0000,1671.0000,7/17/2025 16:32:38 ,DONE 
2.6000,3.3000,3.7000,4.0000,43.1100,27.8850,100.0000,1.0000,1671.0000,7/17/2025 16:32:42 ,DONE 
2.6000,3.3000,3.7000,4.0000,43.1200,27.8750,100.0000,1.0000,1669.0000,7/17/2025 16:32:45 ,DONE 
2.6000,3.3000,3.7000,4.0000,43.1200,27.8650,100.0000,1.0000,1669.0000,7/17/2025 16:32:49 ,DONE 
2.6000,3.3000,3.7000,4.0000,43.1300,27.8600,100.0000,1.0000,1669.0000,7/17/2025 16:32:53 ,DONE 
2.6000,3.3000,3.7000,4.0000,43.1400,27.8450,100.0000,1.0000,1669.0000,7/17/2025 16:32:56 ,DONE 
2.7000,3.4000,3.9000,4.1000,43.1800,27.8300,101.0000,1.0000,1670.0000,7/17/2025 16:33:4 ,DONE 
2.7000,3.4000,3.9000,4.1000,43.2000,27.8250,101.0000,1.0000,1672.0000,7/17/2025 16:33:7 ,DONE 
2.7000,3.4000,3.9000,4.1000,43.2300,27.8150,101.0000,1.0000,1672.0000,7/17/2025 16:33:11 ,DONE 
2.7000,3.4000,3.9000,4.1000,43.2500,27.8100,101.0000,1.0000,1672.0000,7/17/2025 16:33:15 ,DONE 
2.8000,3.5000,4.0000,4.3000,43.2700,27.8100,101.0000,1.0000,1673.0000,7/17/2025 16:33:18 ,DONE 
2.8000,3.5000,4.0000,4.3000,43.2700,27.8100,101.0000,1.0000,1675.0000,7/17/2025 16:33:22 ,DONE 
2.8000,3.5000,4.0000,4.3000,43.2600,27.8150,101.0000,1.0000,1674.0000,7/17/2025 16:33:25 ,DONE 
2.8000,3.5000,4.0000,4.3000,43.2500,27.8150,101.0000,1.0000,1672.0000,7/17/2025 16:33:29 ,DONE 
2.8000,3.5000,4.0000,4.3000,43.2400,27.8150,101.0000,1.0000,1672.0000,7/17/2025 16:33:33 ,DONE 
2.9000,3.6000,4.1000,4.4000,43.2300,27.8150,100.0000,1.0000,1673.0000,7/17/2025 16:33:36 ,DONE 
2.9000,3.6000,4.1000,4.4000,43.2300,27.8100,100.0000,1.0000,1673.0000,7/17/2025 16:33:40 ,DONE 
2.9000,3.6000,4.1000,4.4000,43.2200,27.8100,100.0000,1.0000,1674.0000,7/17/2025 16:33:43 ,DONE 
2.9000,3.6000,4.1000,4.4000,43.2100,27.8050,100.0000,1.0000,1674.0000,7/17/2025 16:33:47 ,DONE 
2.9000,3.6000,4.1000,4.4000,43.2100,27.8000,100.0000,1.0000,1674.0000,7/17/2025 16:33:50 ,DONE 
2.9000,3.6000,4.1000,4.4000,43.2000,27.7950,100.0000,1.0000,1675.0000,7/17/2025 16:33:54 ,DONE 
2.9000,3.6000,4.1000,4.4000,43.1900,27.7950,100.0000,1.0000,1676.0000,7/17/2025 16:33:58 ,DONE 
2.8000,3.5000,4.0000,4.2000,43.1700,27.7900,100.0000,1.0000,1678.0000,7/17/2025 16:34:5 ,DONE 
2.8000,3.5000,4.0000,4.2000,43.1700,27.7900,100.0000,1.0000,1678.0000,7/17/2025 16:34:8 ,DONE 
2.8000,3.5000,4.0000,4.2000,43.1600,27.7900,100.0000,1.0000,1676.0000,7/17/2025 16:34:12 ,DONE 
2.8000,3.5000,4.0000,4.2000,43.1600,27.7900,100.0000,1.0000,1675.0000,7/17/2025 16:34:15 ,DONE 
2.8000,3.5000,4.0000,4.2000,43.1500,27.7950,100.0000,1.0000,1677.0000,7/17/2025 16:34:19 ,DONE 
2.8000,3.5000,4.0000,4.2000,43.1500,27.7950,100.0000,1.0000,1677.0000,7/17/2025 16:34:23 ,DONE 
2.8000,3.5000,4.0000,4.2000,43.1400,27.7950,100.0000,1.0000,1676.0000,7/17/2025 16:34:26 ,DONE 
2.8000,3.5000,4.0000,4.2000,43.1400,27.7900,100.0000,1.0000,1675.0000,7/17/2025 16:34:30 ,DONE 
2.8000,3.5000,4.0000,4.2000,43.1300,27.7900,100.0000,1.0000,1675.0000,7/17/2025 16:34:33 ,DONE 
2.8000,3.6000,4.1000,4.4000,43.1300,27.7900,100.0000,1.0000,1675.0000,7/17/2025 16:34:37 ,DONE 
2.9000,3.7000,4.3000,4.5000,43.1300,27.7850,100.0000,1.0000,1674.0000,7/17/2025 16:34:41 ,DONE 
3.0000,3.8000,4.4000,4.7000,43.1300,27.7850,100.0000,1.0000,1673.0000,7/17/2025 16:34:44 ,DONE 
3.0000,3.8000,4.4000,4.7000,43.1300,27.7800,100.0000,1.0000,1672.0000,7/17/2025 16:34:48 ,DONE 
3.1000,4.0000,4.5000,4.8000,43.1400,27.7750,100.0000,1.0000,1673.0000,7/17/2025 16:34:51 ,DONE 
3.1000,3.9000,4.5000,4.8000,43.1400,27.7750,100.0000,1.0000,1674.0000,7/17/2025 16:34:55 ,DONE 
3.1000,3.9000,4.5000,4.8000,43.1400,27.7750,100.0000,1.0000,1674.0000,7/17/2025 16:34:59 ,DONE 
3.0000,3.8000,4.4000,4.7000,43.1500,27.7550,100.0000,1.0000,1675.0000,7/17/2025 16:35:7 ,DONE 
3.0000,3.8000,4.4000,4.7000,43.1500,27.7550,100.0000,1.0000,1674.0000,7/17/2025 16:35:10 ,DONE 
3.1000,3.9000,4.5000,4.8000,43.1500,27.7450,100.0000,1.0000,1674.0000,7/17/2025 16:35:14 ,DONE 
3.2000,4.1000,4.7000,5.0000,43.1600,27.7400,100.0000,1.0000,1675.0000,7/17/2025 16:35:17 ,DONE 
3.3000,4.2000,4.8000,5.1000,43.1600,27.7400,100.0000,1.0000,1676.0000,7/17/2025 16:35:21 ,DONE 
3.4000,4.3000,4.9000,5.2000,43.1700,27.7350,100.0000,1.0000,1677.0000,7/17/2025 16:35:25 ,DONE 
3.4000,4.3000,4.9000,5.2000,43.1700,27.7350,100.0000,1.0000,1677.0000,7/17/2025 16:35:28 ,DONE 
3.4000,4.3000,4.9000,5.2000,43.1800,27.7350,100.0000,1.0000,1677.0000,7/17/2025 16:35:32 ,DONE 
3.4000,4.3000,4.9000,5.2000,43.1800,27.7300,100.0000,1.0000,1680.0000,7/17/2025 16:35:35 ,DONE 
3.3000,4.2000,4.8000,5.1000,43.1800,27.7250,100.0000,1.0000,1680.0000,7/17/2025 16:35:39 ,DONE 
3.3000,4.2000,4.8000,5.1000,43.1800,27.7200,100.0000,1.0000,1681.0000,7/17/2025 16:35:43 ,DONE 
3.3000,4.2000,4.8000,5.1000,43.1900,27.7150,100.0000,1.0000,1683.0000,7/17/2025 16:35:46 ,DONE 
3.3000,4.2000,4.8000,5.1000,43.1900,27.7100,100.0000,1.0000,1683.0000,7/17/2025 16:35:50 ,DONE 
3.3000,4.2000,4.8000,5.1000,43.1900,27.7100,100.0000,1.0000,1682.0000,7/17/2025 16:35:53 ,DONE 
3.2000,4.0000,4.7000,4.9000,43.1900,27.7100,100.0000,1.0000,1682.0000,7/17/2025 16:35:57 ,DONE 
3.0000,3.8000,4.4000,4.7000,43.2000,27.7000,100.0000,1.0000,1682.0000,7/17/2025 16:36:4 ,DONE 
2.9000,3.7000,4.2000,4.5000,43.2000,27.7000,100.0000,1.0000,1680.0000,7/17/2025 16:36:8 ,DONE 
3.0000,3.8000,4.4000,4.7000,43.2100,27.6950,100.0000,1.0000,1680.0000,7/17/2025 16:36:11 ,DONE 
2.9000,3.7000,4.2000,4.5000,43.2100,27.6950,100.0000,1.0000,1682.0000,7/17/2025 16:36:15 ,DONE 
2.9000,3.7000,4.2000,4.5000,43.2100,27.6950,100.0000,1.0000,1682.0000,7/17/2025 16:36:18 ,DONE 
2.8000,3.6000,4.1000,4.4000,43.2100,27.6950,100.0000,1.0000,1681.0000,7/17/2025 16:36:22 ,DONE 
2.8000,3.6000,4.1000,4.4000,43.2100,27.7000,100.0000,1.0000,1681.0000,7/17/2025 16:36:26 ,DONE 
2.8000,3.6000,4.1000,4.4000,43.2200,27.7000,100.0000,1.0000,1683.0000,7/17/2025 16:36:29 ,DONE 
2.8000,3.6000,4.1000,4.4000,43.2200,27.7000,100.0000,1.0000,1683.0000,7/17/2025 16:36:33 ,DONE 
2.8000,3.6000,4.1000,4.4000,43.2300,27.7050,100.0000,1.0000,1682.0000,7/17/2025 16:36:36 ,DONE 
2.7000,3.5000,4.0000,4.2000,43.2300,27.7050,100.0000,1.0000,1682.0000,7/17/2025 16:36:40 ,DONE 
2.7000,3.5000,4.0000,4.2000,43.2400,27.7000,100.0000,1.0000,1683.0000,7/17/2025 16:36:43 ,DONE 
2.7000,3.5000,4.0000,4.2000,43.2400,27.7000,100.0000,1.0000,1683.0000,7/17/2025 16:36:47 ,DONE 
2.7000,3.5000,4.0000,4.2000,43.2400,27.6950,100.0000,1.0000,1684.0000,7/17/2025 16:36:51 ,DONE 
2.7000,3.5000,4.0000,4.2000,43.2400,27.6950,100.0000,1.0000,1685.0000,7/17/2025 16:36:54 ,DONE 
2.7000,3.5000,4.0000,4.2000,43.2400,27.6950,100.0000,1.0000,1686.0000,7/17/2025 16:36:58 ,DONE 
2.7000,3.5000,4.0000,4.2000,43.2500,27.6850,100.0000,1.0000,1685.0000,7/17/2025 16:37:6 ,DONE 
2.7000,3.5000,4.0000,4.2000,43.2700,27.6800,100.0000,1.0000,1685.0000,7/17/2025 16:37:9 ,DONE 
2.7000,3.5000,4.0000,4.2000,43.2900,27.6700,100.0000,1.0000,1687.0000,7/17/2025 16:37:13 ,DONE 
2.7000,3.5000,4.0000,4.2000,43.3100,27.6650,100.0000,1.0000,1689.0000,7/17/2025 16:37:17 ,DONE 
2.8000,3.6000,4.1000,4.4000,43.3300,27.6600,100.0000,1.0000,1690.0000,7/17/2025 16:37:20 ,DONE 
2.8000,3.6000,4.1000,4.4000,43.3500,27.6550,100.0000,1.0000,1691.0000,7/17/2025 16:37:24 ,DONE 
2.8000,3.6000,4.1000,4.4000,43.3600,27.6550,100.0000,1.0000,1692.0000,7/17/2025 16:37:27 ,DONE 
2.9000,3.7000,4.2000,4.5000,43.3700,27.6500,100.0000,1.0000,1694.0000,7/17/2025 16:37:31 ,DONE 
2.9000,3.7000,4.2000,4.5000,43.3800,27.6500,100.0000,1.0000,1692.0000,7/17/2025 16:37:35 ,DONE 
3.0000,3.8000,4.4000,4.7000,43.3900,27.6500,100.0000,1.0000,1693.0000,7/17/2025 16:37:38 ,DONE 
3.1000,3.9000,4.5000,4.8000,43.4200,27.6550,100.0000,1.0000,1695.0000,7/17/2025 16:37:42 ,DONE 
3.2000,4.0000,4.7000,4.9000,43.4500,27.6550,100.0000,1.0000,1695.0000,7/17/2025 16:37:45 ,DONE 
3.3000,4.2000,4.8000,5.1000,43.4800,27.6600,100.0000,1.0000,1694.0000,7/17/2025 16:37:49 ,DONE 
3.3000,4.2000,4.8000,5.1000,43.4900,27.6600,100.0000,1.0000,1694.0000,7/17/2025 16:37:52 ,DONE 
3.5000,4.4000,5.1000,5.4000,43.5100,27.6600,100.0000,1.0000,1697.0000,7/17/2025 16:37:56 ,DONE 
3.5000,4.5000,5.2000,5.5000,43.5400,27.6550,100.0000,1.0000,1698.0000,7/17/2025 16:38:4 ,DONE 
3.5000,4.5000,5.2000,5.5000,43.5600,27.6550,100.0000,1.0000,1698.0000,7/17/2025 16:38:7 ,DONE 
3.5000,4.5000,5.2000,5.5000,43.5800,27.6550,100.0000,1.0000,1697.0000,7/17/2025 16:38:11 ,DONE 
3.5000,4.5000,5.2000,5.5000,43.6000,27.6550,100.0000,1.0000,1696.0000,7/17/2025 16:38:14 ,DONE 
3.5000,4.5000,5.2000,5.5000,43.6400,27.6550,100.0000,1.0000,1696.0000,7/17/2025 16:38:18 ,DONE 
3.4000,4.3000,4.9000,5.2000,43.7000,27.6550,100.0000,1.0000,1697.0000,7/17/2025 16:38:22 ,DONE 
3.4000,4.3000,4.9000,5.2000,43.7500,27.6600,101.0000,1.0000,1697.0000,7/17/2025 16:38:25 ,DONE 
3.3000,4.2000,4.8000,5.1000,43.7900,27.6650,101.0000,1.0000,1698.0000,7/17/2025 16:38:29 ,DONE 
3.3000,4.2000,4.8000,5.1000,43.8200,27.6700,101.0000,1.0000,1698.0000,7/17/2025 16:38:32 ,DONE 
3.2000,4.0000,4.7000,4.9000,43.8700,27.6850,101.0000,1.0000,1698.0000,7/17/2025 16:38:36 ,DONE 
3.3000,4.2000,4.8000,5.1000,43.9000,27.7000,101.0000,1.0000,1699.0000,7/17/2025 16:38:40 ,DONE 
3.3000,4.2000,4.8000,5.1000,43.8900,27.7050,101.0000,1.0000,1699.0000,7/17/2025 16:38:43 ,DONE 
3.3000,4.2000,4.8000,5.1000,43.8900,27.7150,101.0000,1.0000,1698.0000,7/17/2025 16:38:47 ,DONE 
3.3000,4.2000,4.8000,5.1000,43.9000,27.7250,101.0000,1.0000,1698.0000,7/17/2025 16:38:50 ,DONE 
3.3000,4.2000,4.8000,5.1000,43.9100,27.7450,101.0000,1.0000,1700.0000,7/17/2025 16:38:54 ,DONE 
3.2000,4.0000,4.7000,4.9000,43.8900,27.7700,101.0000,1.0000,1700.0000,7/17/2025 16:38:57 ,DONE 
3.0000,3.8000,4.4000,4.7000,43.8400,27.8050,101.0000,1.0000,1699.0000,7/17/2025 16:39:5 ,DONE 
2.9000,3.7000,4.2000,4.5000,43.8100,27.8200,101.0000,1.0000,1701.0000,7/17/2025 16:39:8 ,DONE 
2.9000,3.7000,4.2000,4.5000,43.7900,27.8250,101.0000,1.0000,1702.0000,7/17/2025 16:39:12 ,DONE 
2.9000,3.7000,4.2000,4.5000,43.7500,27.8300,101.0000,1.0000,1701.0000,7/17/2025 16:39:15 ,DONE 
2.9000,3.7000,4.2000,4.5000,43.7000,27.8400,101.0000,1.0000,1700.0000,7/17/2025 16:39:19 ,DONE 
3.0000,3.8000,4.4000,4.7000,43.6600,27.8450,101.0000,1.0000,1702.0000,7/17/2025 16:39:23 ,DONE 
3.3000,4.2000,4.8000,5.1000,43.6000,27.8400,101.0000,1.0000,1702.0000,7/17/2025 16:39:26 ,DONE 
3.5000,4.5000,5.2000,5.5000,43.5700,27.8400,101.0000,1.0000,1701.0000,7/17/2025 16:39:30 ,DONE 
3.7000,4.8000,5.5000,5.8000,43.5300,27.8350,101.0000,1.0000,1701.0000,7/17/2025 16:39:33 ,DONE 
3.9000,5.0000,5.7000,6.1000,43.4900,27.8350,101.0000,1.0000,1704.0000,7/17/2025 16:39:37 ,DONE 
4.1000,5.2000,6.0000,6.4000,43.4700,27.8300,101.0000,1.0000,1704.0000,7/17/2025 16:39:40 ,DONE 
4.2000,5.3000,6.1000,6.5000,43.4500,27.8250,101.0000,1.0000,1705.0000,7/17/2025 16:39:44 ,DONE 
4.1000,5.2000,6.0000,6.4000,43.4500,27.8200,101.0000,1.0000,1705.0000,7/17/2025 16:39:48 ,DONE 
4.0000,5.1000,5.9000,6.2000,43.4400,27.8100,101.0000,1.0000,1707.0000,7/17/2025 16:39:51 ,DONE 
3.9000,5.0000,5.7000,6.1000,43.4300,27.8050,101.0000,1.0000,1708.0000,7/17/2025 16:39:55 ,DONE 
3.8000,4.9000,5.6000,5.9000,43.4200,27.7950,101.0000,1.0000,1709.0000,7/17/2025 16:39:58 ,DONE 
3.6000,4.6000,5.3000,5.7000,43.4200,27.7700,101.0000,1.0000,1712.0000,7/17/2025 16:40:6 ,DONE 
3.6000,4.6000,5.3000,5.7000,43.4300,27.7600,101.0000,1.0000,1714.0000,7/17/2025 16:40:10 ,DONE 
3.5000,4.5000,5.2000,5.5000,43.4300,27.7550,101.0000,1.0000,1714.0000,7/17/2025 16:40:13 ,DONE 
3.5000,4.5000,5.2000,5.5000,43.4400,27.7500,101.0000,1.0000,1715.0000,7/17/2025 16:40:17 ,DONE 
3.6000,4.6000,5.3000,5.7000,43.4500,27.7500,101.0000,1.0000,1717.0000,7/17/2025 16:40:20 ,DONE 
3.6000,4.6000,5.3000,5.7000,43.4700,27.7550,101.0000,1.0000,1715.0000,7/17/2025 16:40:24 ,DONE 
3.7000,4.7000,5.5000,5.8000,43.4900,27.7550,101.0000,1.0000,1715.0000,7/17/2025 16:40:27 ,DONE 
3.7000,4.7000,5.5000,5.8000,43.5000,27.7550,101.0000,1.0000,1715.0000,7/17/2025 16:40:31 ,DONE 
3.6000,4.6000,5.3000,5.7000,43.5000,27.7650,101.0000,1.0000,1718.0000,7/17/2025 16:40:35 ,DONE 
3.5000,4.5000,5.2000,5.5000,43.5000,27.7700,101.0000,1.0000,1719.0000,7/17/2025 16:40:38 ,DONE 
3.5000,4.5000,5.2000,5.5000,43.5100,27.7700,101.0000,1.0000,1721.0000,7/17/2025 16:40:42 ,DONE 
3.3000,4.3000,4.9000,5.2000,43.5000,27.7750,101.0000,1.0000,1722.0000,7/17/2025 16:40:45 ,DONE 
3.3000,4.3000,4.9000,5.2000,43.5000,27.7750,101.0000,1.0000,1724.0000,7/17/2025 16:40:49 ,DONE 
3.2000,4.1000,4.8000,5.1000,43.4900,27.7750,101.0000,1.0000,1724.0000,7/17/2025 16:40:53 ,DONE 
3.1000,4.0000,4.6000,4.9000,43.4800,27.7750,101.0000,1.0000,1725.0000,7/17/2025 16:40:56 ,DONE 
3.2000,4.1000,4.8000,5.1000,43.4700,27.7750,100.0000,1.0000,1730.0000,7/17/2025 16:41:4 ,DONE 
3.3000,4.2000,4.9000,5.2000,43.4600,27.7800,100.0000,1.0000,1732.0000,7/17/2025 16:41:7 ,DONE 
3.3000,4.2000,4.9000,5.2000,43.4500,27.7800,100.0000,1.0000,1732.0000,7/17/2025 16:41:11 ,DONE 
3.3000,4.2000,4.9000,5.2000,43.4500,27.7800,100.0000,1.0000,1733.0000,7/17/2025 16:41:14 ,DONE 
3.2000,4.1000,4.8000,5.1000,43.4500,27.7850,100.0000,1.0000,1736.0000,7/17/2025 16:41:18 ,DONE 
3.2000,4.1000,4.8000,5.1000,43.4600,27.7800,100.0000,1.0000,1736.0000,7/17/2025 16:41:22 ,DONE 
3.2000,4.1000,4.8000,5.1000,43.4700,27.7750,100.0000,1.0000,1737.0000,7/17/2025 16:41:25 ,DONE 
3.1000,4.0000,4.6000,4.9000,43.4800,27.7700,100.0000,1.0000,1737.0000,7/17/2025 16:41:29 ,DONE 
3.0000,3.9000,4.5000,4.8000,43.4800,27.7650,100.0000,1.0000,1739.0000,7/17/2025 16:41:32 ,DONE 
3.0000,3.9000,4.5000,4.8000,43.4800,27.7600,100.0000,1.0000,1739.0000,7/17/2025 16:41:36 ,DONE 
2.9000,3.8000,4.4000,4.6000,43.4800,27.7550,100.0000,1.0000,1738.0000,7/17/2025 16:41:40 ,DONE 
2.8000,3.5000,4.1000,4.4000,43.4800,27.7500,100.0000,1.0000,1739.0000,7/17/2025 16:41:43 ,DONE 
2.8000,3.5000,4.1000,4.4000,43.4800,27.7500,100.0000,1.0000,1741.0000,7/17/2025 16:41:47 ,DONE 
2.7000,3.4000,4.0000,4.2000,43.5200,27.7500,100.0000,1.0000,1741.0000,7/17/2025 16:41:50 ,DONE 
2.7000,3.4000,4.0000,4.2000,43.5500,27.7550,100.0000,1.0000,1741.0000,7/17/2025 16:41:54 ,DONE 
2.7000,3.4000,4.0000,4.2000,43.5700,27.7550,100.0000,1.0000,1741.0000,7/17/2025 16:41:58 ,DONE 
2.7000,3.4000,4.0000,4.2000,43.5700,27.7600,100.0000,1.0000,1742.0000,7/17/2025 16:42:6 ,DONE 
2.6000,3.4000,4.0000,4.2000,43.5600,27.7600,100.0000,1.0000,1741.0000,7/17/2025 16:42:9 ,DONE 
2.6000,3.4000,4.0000,4.2000,43.5600,27.7600,100.0000,1.0000,1741.0000,7/17/2025 16:42:13 ,DONE 
2.6000,3.4000,4.0000,4.2000,43.5600,27.7550,100.0000,1.0000,1742.0000,7/17/2025 16:42:16 ,DONE 
2.6000,3.4000,4.0000,4.2000,43.5600,27.7550,100.0000,1.0000,1742.0000,7/17/2025 16:42:20 ,DONE 
2.6000,3.4000,4.0000,4.2000,43.5600,27.7550,100.0000,1.0000,1740.0000,7/17/2025 16:42:24 ,DONE 
2.6000,3.4000,4.0000,4.2000,43.5600,27.7600,100.0000,1.0000,1739.0000,7/17/2025 16:42:27 ,DONE 
2.7000,3.5000,4.1000,4.4000,43.5500,27.7650,100.0000,1.0000,1739.0000,7/17/2025 16:42:31 ,DONE 
2.7000,3.5000,4.1000,4.4000,43.5500,27.7700,100.0000,1.0000,1737.0000,7/17/2025 16:42:34 ,DONE 
2.8000,3.6000,4.2000,4.5000,43.5400,27.7750,101.0000,1.0000,1735.0000,7/17/2025 16:42:38 ,DONE 
2.9000,3.8000,4.4000,4.6000,43.5300,27.7800,101.0000,1.0000,1733.0000,7/17/2025 16:42:41 ,DONE 
2.9000,3.8000,4.4000,4.6000,43.5300,27.7850,101.0000,1.0000,1732.0000,7/17/2025 16:42:45 ,DONE 
2.9000,3.8000,4.4000,4.6000,43.5200,27.7950,101.0000,1.0000,1731.0000,7/17/2025 16:42:49 ,DONE 
2.8000,3.6000,4.2000,4.5000,43.5200,27.8000,101.0000,1.0000,1731.0000,7/17/2025 16:42:52 ,DONE 
2.9000,3.8000,4.4000,4.6000,43.5100,27.8150,101.0000,1.0000,1732.0000,7/17/2025 16:42:56 ,DONE 
2.8000,3.6000,4.2000,4.5000,43.5100,27.8250,101.0000,1.0000,1731.0000,7/17/2025 16:42:59 ,DONE 
2.8000,3.6000,4.2000,4.5000,43.5100,27.8350,101.0000,1.0000,1732.0000,7/17/2025 16:43:7 ,DONE 
2.9000,3.8000,4.4000,4.6000,43.5000,27.8550,101.0000,1.0000,1733.0000,7/17/2025 16:43:11 ,DONE 
3.0000,3.9000,4.5000,4.8000,43.5000,27.8700,101.0000,1.0000,1735.0000,7/17/2025 16:43:14 ,DONE 
3.1000,4.0000,4.6000,4.9000,43.4800,27.8850,101.0000,1.0000,1735.0000,7/17/2025 16:43:18 ,DONE 
3.2000,4.1000,4.8000,5.1000,43.4500,27.8900,101.0000,1.0000,1734.0000,7/17/2025 16:43:21 ,DONE 
3.2000,4.1000,4.8000,5.1000,43.4300,27.8950,101.0000,1.0000,1733.0000,7/17/2025 16:43:25 ,DONE 
3.1000,4.0000,4.6000,4.9000,43.3900,27.8950,101.0000,1.0000,1732.0000,7/17/2025 16:43:29 ,DONE 
3.0000,3.9000,4.5000,4.8000,43.3600,27.8950,101.0000,1.0000,1732.0000,7/17/2025 16:43:32 ,DONE 
3.0000,3.9000,4.5000,4.8000,43.3200,27.8950,101.0000,1.0000,1732.0000,7/17/2025 16:43:36 ,DONE 
3.0000,3.9000,4.5000,4.8000,43.2800,27.8950,101.0000,1.0000,1732.0000,7/17/2025 16:43:39 ,DONE 
3.0000,3.9000,4.5000,4.8000,43.2600,27.8950,101.0000,1.0000,1732.0000,7/17/2025 16:43:43 ,DONE 
2.9000,3.8000,4.4000,4.6000,43.2400,27.8900,101.0000,1.0000,1732.0000,7/17/2025 16:43:46 ,DONE 
2.8000,3.6000,4.2000,4.5000,43.2200,27.8900,101.0000,1.0000,1734.0000,7/17/2025 16:43:50 ,DONE 
2.7000,3.5000,4.1000,4.4000,43.2100,27.8900,101.0000,1.0000,1735.0000,7/17/2025 16:43:54 ,DONE 
2.7000,3.5000,4.1000,4.4000,43.2000,27.8900,101.0000,1.0000,1735.0000,7/17/2025 16:43:57 ,DONE 
2.6000,3.4000,4.0000,4.2000,43.1900,27.8850,101.0000,1.0000,1738.0000,7/17/2025 16:44:6 ,DONE 
2.6000,3.4000,4.0000,4.2000,43.2000,27.8850,101.0000,1.0000,1739.0000,7/17/2025 16:44:9 ,DONE 
2.6000,3.4000,4.0000,4.2000,43.2100,27.8850,101.0000,1.0000,1739.0000,7/17/2025 16:44:13 ,DONE 
2.6000,3.4000,4.0000,4.2000,43.2200,27.8850,101.0000,1.0000,1741.0000,7/17/2025 16:44:17 ,DONE 
2.5000,3.3000,3.8000,4.1000,43.2300,27.8850,101.0000,1.0000,1744.0000,7/17/2025 16:44:20 ,DONE 
2.5000,3.3000,3.8000,4.1000,43.2300,27.8800,101.0000,1.0000,1745.0000,7/17/2025 16:44:24 ,DONE 
2.5000,3.3000,3.8000,4.1000,43.2400,27.8750,100.0000,1.0000,1745.0000,7/17/2025 16:44:27 ,DONE 
2.5000,3.3000,3.8000,4.1000,43.2500,27.8750,100.0000,1.0000,1746.0000,7/17/2025 16:44:31 ,DONE 
2.5000,3.3000,3.8000,4.1000,43.2500,27.8750,100.0000,1.0000,1746.0000,7/17/2025 16:44:35 ,DONE 
2.6000,3.4000,4.0000,4.2000,43.2600,27.8800,100.0000,1.0000,1746.0000,7/17/2025 16:44:38 ,DONE 
2.6000,3.4000,4.0000,4.2000,43.2600,27.8750,100.0000,1.0000,1746.0000,7/17/2025 16:44:42 ,DONE 
2.6000,3.4000,4.0000,4.2000,43.2500,27.8750,100.0000,1.0000,1749.0000,7/17/2025 16:44:45 ,DONE 
2.6000,3.4000,4.0000,4.2000,43.2500,27.8700,100.0000,1.0000,1749.0000,7/17/2025 16:44:49 ,DONE 
2.7000,3.5000,4.1000,4.4000,43.2500,27.8650,100.0000,1.0000,1750.0000,7/17/2025 16:44:52 ,DONE 
2.7000,3.5000,4.1000,4.4000,43.2500,27.8500,100.0000,1.0000,1752.0000,7/17/2025 16:44:56 ,DONE 
2.7000,3.5000,4.1000,4.4000,43.2500,27.8350,100.0000,1.0000,1753.0000,7/17/2025 16:45:4 ,DONE 
2.7000,3.5000,4.1000,4.4000,43.2600,27.8300,100.0000,1.0000,1754.0000,7/17/2025 16:45:7 ,DONE 
2.8000,3.6000,4.2000,4.5000,43.2600,27.8250,100.0000,1.0000,1754.0000,7/17/2025 16:45:11 ,DONE 
2.8000,3.6000,4.2000,4.5000,43.2700,27.8300,100.0000,1.0000,1754.0000,7/17/2025 16:45:14 ,DONE 
2.8000,3.6000,4.2000,4.5000,43.2700,27.8300,100.0000,1.0000,1755.0000,7/17/2025 16:45:18 ,DONE 
2.9000,3.8000,4.4000,4.6000,43.2800,27.8350,100.0000,1.0000,1756.0000,7/17/2025 16:45:22 ,DONE 
3.0000,3.9000,4.5000,4.8000,43.2800,27.8400,100.0000,1.0000,1758.0000,7/17/2025 16:45:25 ,DONE 
3.1000,4.0000,4.6000,4.9000,43.2900,27.8450,100.0000,1.0000,1760.0000,7/17/2025 16:45:29 ,DONE 
3.2000,4.1000,4.8000,5.1000,43.2900,27.8600,100.0000,1.0000,1759.0000,7/17/2025 16:45:32 ,DONE 
3.2000,4.1000,4.8000,5.1000,43.2900,27.8800,100.0000,1.0000,1760.0000,7/17/2025 16:45:36 ,DONE 
3.2000,4.1000,4.8000,5.1000,43.2900,27.8900,100.0000,1.0000,1762.0000,7/17/2025 16:45:40 ,DONE 
3.2000,4.1000,4.8000,5.1000,43.2900,27.9000,100.0000,1.0000,1763.0000,7/17/2025 16:45:43 ,DONE 
3.2000,4.1000,4.8000,5.1000,43.2900,27.9150,100.0000,1.0000,1762.0000,7/17/2025 16:45:47 ,DONE 
3.2000,4.1000,4.8000,5.1000,43.2900,27.9250,100.0000,1.0000,1761.0000,7/17/2025 16:45:50 ,DONE 
3.1000,4.0000,4.6000,4.9000,43.2800,27.9350,100.0000,1.0000,1761.0000,7/17/2025 16:45:54 ,DONE 
3.0000,3.9000,4.5000,4.8000,43.2700,27.9400,100.0000,1.0000,1762.0000,7/17/2025 16:45:57 ,DONE 
2.9000,3.8000,4.4000,4.6000,43.2800,27.9600,100.0000,1.0000,1761.0000,7/17/2025 16:46:5 ,DONE 
2.9000,3.8000,4.4000,4.6000,43.2900,27.9750,100.0000,1.0000,1761.0000,7/17/2025 16:46:8 ,DONE 
2.9000,3.8000,4.4000,4.6000,43.2900,27.9900,100.0000,1.0000,1761.0000,7/17/2025 16:46:12 ,DONE 
2.8000,3.6000,4.2000,4.5000,43.2900,28.0150,100.0000,1.0000,1760.0000,7/17/2025 16:46:15 ,DONE 
2.7000,3.5000,4.1000,4.4000,43.2900,28.0300,100.0000,1.0000,1760.0000,7/17/2025 16:46:19 ,DONE 
2.7000,3.5000,4.1000,4.4000,43.2800,28.0450,100.0000,1.0000,1759.0000,7/17/2025 16:46:22 ,DONE 
2.7000,3.5000,4.1000,4.4000,43.2700,28.0600,100.0000,1.0000,1756.0000,7/17/2025 16:46:26 ,DONE 
2.7000,3.5000,4.1000,4.4000,43.2500,28.0700,100.0000,1.0000,1756.0000,7/17/2025 16:46:30 ,DONE 
2.7000,3.5000,4.1000,4.4000,43.2300,28.0850,101.0000,1.0000,1757.0000,7/17/2025 16:46:33 ,DONE 
2.7000,3.5000,4.1000,4.4000,43.2000,28.1000,101.0000,1.0000,1757.0000,7/17/2025 16:46:37 ,DONE 
2.7000,3.5000,4.1000,4.4000,43.1700,28.1050,101.0000,1.0000,1757.0000,7/17/2025 16:46:40 ,DONE 
2.7000,3.5000,4.1000,4.4000,43.1300,28.1000,101.0000,1.0000,1754.0000,7/17/2025 16:46:44 ,DONE 
2.7000,3.5000,4.1000,4.4000,43.1200,28.1000,101.0000,1.0000,1754.0000,7/17/2025 16:46:48 ,DONE 
2.7000,3.5000,4.1000,4.4000,43.0900,28.1000,101.0000,1.0000,1753.0000,7/17/2025 16:46:51 ,DONE 
2.7000,3.5000,4.1000,4.4000,43.0700,28.1000,101.0000,1.0000,1753.0000,7/17/2025 16:46:55 ,DONE 
2.7000,3.5000,4.1000,4.4000,43.0600,28.0950,101.0000,1.0000,1753.0000,7/17/2025 16:46:58 ,DONE 
2.6000,3.4000,4.0000,4.2000,43.0300,28.0850,101.0000,1.0000,1750.0000,7/17/2025 16:47:6 ,DONE 
2.6000,3.4000,4.0000,4.2000,43.0200,28.0800,101.0000,1.0000,1750.0000,7/17/2025 16:47:10 ,DONE 
2.6000,3.4000,4.0000,4.2000,43.0200,28.0800,101.0000,1.0000,1750.0000,7/17/2025 16:47:13 ,DONE 
2.6000,3.4000,4.0000,4.2000,43.0000,28.0900,101.0000,1.0000,1751.0000,7/17/2025 16:47:17 ,DONE 
2.6000,3.4000,4.0000,4.2000,42.9900,28.0900,101.0000,1.0000,1752.0000,7/17/2025 16:47:20 ,DONE 
2.6000,3.4000,4.0000,4.2000,42.9900,28.0900,101.0000,1.0000,1752.0000,7/17/2025 16:47:24 ,DONE 
2.6000,3.4000,4.0000,4.2000,42.9900,28.0900,101.0000,1.0000,1751.0000,7/17/2025 16:47:27 ,DONE 
2.6000,3.4000,4.0000,4.2000,42.9900,28.0900,101.0000,1.0000,1751.0000,7/17/2025 16:47:31 ,DONE 
2.6000,3.4000,4.0000,4.2000,42.9900,28.0900,101.0000,1.0000,1751.0000,7/17/2025 16:47:35 ,DONE 
2.6000,3.4000,4.0000,4.2000,42.9800,28.0850,101.0000,1.0000,1751.0000,7/17/2025 16:47:38 ,DONE 
2.7000,3.5000,4.1000,4.4000,42.9800,28.0850,101.0000,1.0000,1751.0000,7/17/2025 16:47:42 ,DONE 
2.7000,3.5000,4.1000,4.4000,42.9800,28.0850,101.0000,1.0000,1751.0000,7/17/2025 16:47:45 ,DONE 
2.7000,3.5000,4.1000,4.4000,42.9800,28.0850,101.0000,1.0000,1753.0000,7/17/2025 16:47:49 ,DONE 
2.7000,3.5000,4.1000,4.4000,42.9800,28.0850,101.0000,1.0000,1754.0000,7/17/2025 16:47:53 ,DONE 
2.7000,3.5000,4.1000,4.4000,42.9800,28.0900,101.0000,1.0000,1754.0000,7/17/2025 16:47:56 ,DONE 
2.7000,3.5000,4.1000,4.4000,42.9700,28.1000,101.0000,1.0000,1758.0000,7/17/2025 16:48:4 ,DONE 
2.7000,3.5000,4.1000,4.4000,42.9700,28.1100,101.0000,1.0000,1758.0000,7/17/2025 16:48:7 ,DONE 
2.7000,3.5000,4.1000,4.4000,42.9600,28.1250,101.0000,1.0000,1758.0000,7/17/2025 16:48:11 ,DONE 
2.7000,3.5000,4.1000,4.4000,42.9400,28.1350,101.0000,1.0000,1758.0000,7/17/2025 16:48:15 ,DONE 
2.6000,3.4000,4.0000,4.2000,42.9200,28.1400,101.0000,1.0000,1758.0000,7/17/2025 16:48:18 ,DONE 
2.6000,3.4000,4.0000,4.2000,42.9100,28.1400,101.0000,1.0000,1758.0000,7/17/2025 16:48:22 ,DONE 
2.6000,3.4000,4.0000,4.2000,42.9000,28.1450,101.0000,1.0000,1757.0000,7/17/2025 16:48:25 ,DONE 
2.7000,3.5000,4.1000,4.4000,42.8900,28.1550,101.0000,1.0000,1757.0000,7/17/2025 16:48:29 ,DONE 
2.7000,3.5000,4.1000,4.4000,42.9100,28.1650,101.0000,1.0000,1757.0000,7/17/2025 16:48:32 ,DONE 
2.7000,3.5000,4.1000,4.4000,42.9200,28.1750,101.0000,1.0000,1758.0000,7/17/2025 16:48:36 ,DONE 
2.7000,3.5000,4.1000,4.4000,42.9200,28.1850,101.0000,1.0000,1759.0000,7/17/2025 16:48:40 ,DONE 
2.7000,3.5000,4.1000,4.4000,42.9200,28.1950,101.0000,1.0000,1760.0000,7/17/2025 16:48:43 ,DONE 
2.6000,3.4000,4.0000,4.2000,42.9100,28.1950,101.0000,1.0000,1763.0000,7/17/2025 16:48:47 ,DONE 
2.6000,3.4000,4.0000,4.2000,42.9100,28.1950,101.0000,1.0000,1763.0000,7/17/2025 16:48:50 ,DONE 
2.6000,3.4000,4.0000,4.2000,42.9000,28.2000,101.0000,1.0000,1763.0000,7/17/2025 16:48:54 ,DONE 
2.6000,3.4000,4.0000,4.2000,42.8800,28.2000,101.0000,1.0000,1763.0000,7/17/2025 16:48:58 ,DONE 
2.5000,3.3000,3.8000,4.1000,42.8300,28.2000,101.0000,1.0000,1765.0000,7/17/2025 16:49:6 ,DONE 
2.5000,3.3000,3.8000,4.1000,42.7900,28.1900,101.0000,1.0000,1767.0000,7/17/2025 16:49:9 ,DONE 
2.5000,3.3000,3.8000,4.1000,42.7700,28.1800,101.0000,1.0000,1768.0000,7/17/2025 16:49:13 ,DONE 
2.5000,3.3000,3.8000,4.1000,42.7600,28.1650,101.0000,1.0000,1768.0000,7/17/2025 16:49:16 ,DONE 
2.5000,3.2000,3.7000,3.9000,42.7500,28.1500,101.0000,1.0000,1770.0000,7/17/2025 16:49:20 ,DONE 
2.5000,3.2000,3.7000,3.9000,42.7500,28.1350,101.0000,1.0000,1770.0000,7/17/2025 16:49:24 ,DONE 
2.5000,3.2000,3.7000,3.9000,42.7400,28.1150,101.0000,1.0000,1769.0000,7/17/2025 16:49:27 ,DONE 
2.5000,3.2000,3.7000,3.9000,42.7400,28.0950,101.0000,1.0000,1769.0000,7/17/2025 16:49:31 ,DONE 
2.5000,3.2000,3.7000,3.9000,42.7300,28.0850,101.0000,1.0000,1769.0000,7/17/2025 16:49:34 ,DONE 
2.5000,3.2000,3.7000,3.9000,42.7300,28.0600,102.0000,1.0000,1768.0000,7/17/2025 16:49:38 ,DONE 
2.5000,3.2000,3.7000,3.9000,42.7300,28.0300,102.0000,1.0000,1768.0000,7/17/2025 16:49:41 ,DONE 
2.5000,3.2000,3.7000,3.9000,42.7400,28.0000,102.0000,1.0000,1769.0000,7/17/2025 16:49:45 ,DONE 
2.5000,3.3000,3.8000,4.1000,42.7500,27.9650,102.0000,1.0000,1772.0000,7/17/2025 16:49:49 ,DONE 
2.5000,3.3000,3.8000,4.1000,42.7600,27.9300,102.0000,1.0000,1772.0000,7/17/2025 16:49:52 ,DONE 
2.6000,3.4000,4.0000,4.2000,42.7800,27.8850,102.0000,1.0000,1774.0000,7/17/2025 16:49:56 ,DONE 
2.7000,3.5000,4.1000,4.4000,42.8100,27.8550,102.0000,1.0000,1777.0000,7/17/2025 16:49:59 ,DONE 
2.7000,3.5000,4.1000,4.4000,42.9000,27.8100,102.0000,1.0000,1777.0000,7/17/2025 16:50:7 ,DONE 
2.8000,3.6000,4.2000,4.5000,42.9600,27.7900,102.0000,1.0000,1778.0000,7/17/2025 16:50:11 ,DONE 
2.9000,3.8000,4.4000,4.6000,42.9900,27.7700,102.0000,1.0000,1778.0000,7/17/2025 16:50:14 ,DONE 
2.9000,3.8000,4.4000,4.6000,43.0300,27.7550,102.0000,1.0000,1782.0000,7/17/2025 16:50:18 ,DONE 
2.9000,3.8000,4.4000,4.6000,43.0700,27.7350,102.0000,1.0000,1784.0000,7/17/2025 16:50:21 ,DONE 
2.8000,3.6000,4.2000,4.5000,43.1100,27.7150,102.0000,1.0000,1785.0000,7/17/2025 16:50:25 ,DONE 
2.8000,3.6000,4.2000,4.5000,43.1700,27.6900,102.0000,1.0000,1786.0000,7/17/2025 16:50:29 ,DONE 
2.8000,3.6000,4.2000,4.5000,43.2300,27.6700,102.0000,1.0000,1789.0000,7/17/2025 16:50:32 ,DONE 
2.7000,3.5000,4.1000,4.4000,43.3000,27.6500,102.0000,1.0000,1790.0000,7/17/2025 16:50:36 ,DONE 
2.7000,3.5000,4.1000,4.4000,43.3600,27.6350,102.0000,1.0000,1789.0000,7/17/2025 16:50:39 ,DONE 
2.6000,3.4000,4.0000,4.2000,43.4000,27.6150,102.0000,1.0000,1788.0000,7/17/2025 16:50:43 ,DONE 
2.6000,3.4000,4.0000,4.2000,43.4400,27.6050,102.0000,1.0000,1788.0000,7/17/2025 16:50:46 ,DONE 
2.6000,3.4000,4.0000,4.2000,43.4700,27.6050,102.0000,1.0000,1787.0000,7/17/2025 16:50:50 ,DONE 
2.6000,3.4000,4.0000,4.2000,43.4900,27.6100,102.0000,1.0000,1788.0000,7/17/2025 16:50:54 ,DONE 
2.5000,3.3000,3.8000,4.1000,43.5100,27.6100,102.0000,1.0000,1791.0000,7/17/2025 16:50:57 ,DONE 
2.5000,3.2000,3.7000,3.9000,43.5300,27.6050,102.0000,1.0000,1792.0000,7/17/2025 16:51:5 ,DONE 
2.5000,3.2000,3.7000,3.9000,43.5300,27.6000,102.0000,1.0000,1793.0000,7/17/2025 16:51:8 ,DONE 
2.5000,3.2000,3.7000,3.9000,43.5500,27.5900,102.0000,1.0000,1793.0000,7/17/2025 16:51:12 ,DONE 
2.4000,3.1000,3.6000,3.8000,43.5700,27.5650,102.0000,1.0000,1794.0000,7/17/2025 16:51:16 ,DONE 
2.4000,3.1000,3.6000,3.8000,43.6000,27.5400,102.0000,1.0000,1794.0000,7/17/2025 16:51:19 ,DONE 
2.4000,3.1000,3.6000,3.8000,43.6300,27.5200,102.0000,1.0000,1794.0000,7/17/2025 16:51:23 ,DONE 
2.4000,3.1000,3.6000,3.8000,43.6600,27.5000,102.0000,1.0000,1794.0000,7/17/2025 16:51:26 ,DONE 
2.4000,3.1000,3.6000,3.8000,43.6900,27.4850,102.0000,1.0000,1794.0000,7/17/2025 16:51:30 ,DONE 
2.4000,3.1000,3.6000,3.8000,43.7200,27.4750,102.0000,1.0000,1794.0000,7/17/2025 16:51:33 ,DONE 
2.4000,3.1000,3.6000,3.8000,43.7600,27.4650,101.0000,1.0000,1794.0000,7/17/2025 16:51:37 ,DONE 
2.4000,3.1000,3.6000,3.8000,43.7800,27.4650,101.0000,1.0000,1795.0000,7/17/2025 16:51:41 ,DONE 
2.4000,3.1000,3.6000,3.8000,43.8000,27.4550,101.0000,1.0000,1797.0000,7/17/2025 16:51:44 ,DONE 
2.4000,3.1000,3.6000,3.8000,43.8200,27.4500,101.0000,1.0000,1797.0000,7/17/2025 16:51:48 ,DONE 
2.6000,3.4000,4.0000,4.2000,43.8400,27.4450,101.0000,1.0000,1798.0000,7/17/2025 16:51:51 ,DONE 
2.8000,3.6000,4.2000,4.5000,43.8800,27.4400,101.0000,1.0000,1801.0000,7/17/2025 16:51:55 ,DONE 
2.9000,3.8000,4.4000,4.6000,43.9100,27.4350,101.0000,1.0000,1801.0000,7/17/2025 16:51:59 ,DONE 
